date,home_team,away_team,home_score,away_score,home_possession_%,away_possession_%,home_shots_on_target,away_shots_on_target,home_shots,away_shots,home_touches,away_touches,home_passes,away_passes,home_tackles,away_tackles,home_clearances,away_clearances,home_corners,away_corners,home_offsides,away_offsides,home_yellow_cards,away_yellow_cards,home_red_cards,away_red_cards,home_fouls_conceded,away_fouls_conceded
08/12/2018,Arsenal,Manchester City,0,2,42.0,58.0,3.0,8.0,9.0,17.0,593.0,734.0,401.0,555.0,22.0,6.0,23.0,9.0,2.0,9.0,7.0,2.0,2.0,2.0,0.0,0.0,11.0,14.0
08/11/2018,AFC Bournemouth,Cardiff City,2,0,62.9,37.1,4.0,1.0,12.0,10.0,711.0,483.0,502.0,287.0,11.0,22.0,37.0,30.0,7.0,4.0,0.0,2.0,1.0,1.0,0.0,0.0,11.0,9.0
08/11/2018,Fulham,Crystal Palace,0,2,66.3,33.7,6.0,10.0,15.0,12.0,893.0,564.0,672.0,347.0,25.0,21.0,22.0,30.0,5.0,5.0,2.0,3.0,1.0,2.0,0.0,0.0,9.0,11.0
08/11/2018,Huddersfield Town,Chelsea,0,3,37.2,62.8,1.0,4.0,6.0,13.0,550.0,856.0,372.0,658.0,25.0,12.0,13.0,21.0,2.0,5.0,2.0,1.0,2.0,1.0,0.0,0.0,9.0,8.0
08/12/2018,Liverpool,West Ham United,4,0,64.8,35.2,8.0,2.0,18.0,5.0,843.0,551.0,673.0,360.0,19.0,23.0,8.0,20.0,5.0,4.0,5.0,3.0,1.0,2.0,0.0,0.0,14.0,9.0
08/11/2018,Manchester United,Leicester City,2,1,46.3,53.7,6.0,4.0,8.0,13.0,697.0,744.0,485.0,543.0,26.0,14.0,37.0,14.0,2.0,5.0,4.0,2.0,2.0,1.0,0.0,0.0,11.0,8.0
08/11/2018,Newcastle United,Tottenham Hotspur,1,2,40.4,59.6,2.0,5.0,15.0,15.0,622.0,809.0,387.0,573.0,15.0,27.0,17.0,43.0,3.0,5.0,1.0,0.0,2.0,2.0,0.0,0.0,11.0,12.0
08/12/2018,Southampton,Burnley,0,0,47.7,52.3,3.0,6.0,18.0,16.0,558.0,591.0,369.0,408.0,16.0,9.0,31.0,35.0,8.0,5.0,2.0,5.0,0.0,1.0,0.0,0.0,10.0,9.0
08/11/2018,Watford,Brighton and Hove Albion,2,0,53.2,46.8,5.0,0.0,19.0,6.0,614.0,578.0,437.0,385.0,17.0,17.0,11.0,26.0,8.0,2.0,0.0,3.0,2.0,2.0,0.0,0.0,10.0,16.0
08/11/2018,Wolverhampton Wanderers,Everton,2,2,57.4,42.6,4.0,5.0,11.0,8.0,748.0,589.0,547.0,409.0,13.0,23.0,23.0,28.0,3.0,6.0,2.0,3.0,0.0,1.0,0.0,1.0,8.0,7.0
08/19/2018,Brighton and Hove Albion,Manchester United,3,2,33.4,66.6,3.0,3.0,6.0,9.0,458.0,771.0,283.0,572.0,28.0,12.0,16.0,18.0,3.0,5.0,2.0,2.0,1.0,1.0,0.0,0.0,16.0,13.0
08/19/2018,Burnley,Watford,1,3,58.4,41.6,3.0,6.0,8.0,9.0,654.0,531.0,461.0,345.0,15.0,18.0,21.0,29.0,5.0,2.0,2.0,4.0,1.0,2.0,0.0,0.0,8.0,19.0
08/18/2018,Cardiff City,Newcastle United,0,0,51.3,48.7,1.0,6.0,12.0,12.0,533.0,503.0,314.0,305.0,22.0,12.0,41.0,25.0,5.0,5.0,2.0,0.0,2.0,2.0,0.0,1.0,14.0,16.0
08/18/2018,Chelsea,Arsenal,3,2,62.3,37.7,11.0,6.0,24.0,15.0,889.0,606.0,720.0,429.0,16.0,14.0,11.0,22.0,5.0,1.0,3.0,3.0,0.0,2.0,0.0,0.0,12.0,9.0
08/21/2018,Crystal Palace,Liverpool,0,2,36.8,63.2,2.0,6.0,8.0,16.0,551.0,819.0,359.0,625.0,14.0,22.0,25.0,17.0,6.0,7.0,2.0,2.0,1.0,1.0,1.0,0.0,6.0,13.0
08/18/2018,Everton,Southampton,2,1,58.0,42.0,7.0,4.0,13.0,15.0,617.0,485.0,423.0,299.0,18.0,11.0,18.0,23.0,2.0,5.0,2.0,3.0,0.0,5.0,0.0,0.0,8.0,20.0
08/18/2018,Leicester City,Wolverhampton Wanderers,2,0,42.8,57.2,2.0,3.0,6.0,11.0,610.0,698.0,382.0,500.0,24.0,18.0,33.0,15.0,1.0,9.0,0.0,1.0,2.0,1.0,1.0,0.0,10.0,8.0
08/19/2018,Manchester City,Huddersfield Town,6,1,76.9,23.1,14.0,1.0,32.0,5.0,959.0,378.0,760.0,224.0,5.0,16.0,24.0,29.0,10.0,3.0,1.0,1.0,0.0,2.0,0.0,0.0,9.0,4.0
08/18/2018,Tottenham Hotspur,Fulham,3,1,59.6,40.4,11.0,3.0,25.0,10.0,803.0,615.0,629.0,435.0,12.0,13.0,8.0,39.0,5.0,2.0,1.0,3.0,0.0,0.0,0.0,0.0,9.0,5.0
08/18/2018,West Ham United,AFC Bournemouth,1,2,61.0,39.0,5.0,5.0,11.0,12.0,671.0,515.0,494.0,321.0,21.0,11.0,18.0,31.0,6.0,4.0,1.0,0.0,6.0,2.0,0.0,0.0,14.0,10.0
08/25/2018,Arsenal,West Ham United,3,1,61.5,38.5,10.0,5.0,17.0,13.0,734.0,557.0,544.0,341.0,15.0,14.0,26.0,24.0,7.0,2.0,3.0,3.0,1.0,3.0,0.0,0.0,16.0,13.0
08/25/2018,AFC Bournemouth,Everton,2,2,49.9,50.1,5.0,3.0,17.0,11.0,570.0,589.0,382.0,389.0,18.0,21.0,13.0,30.0,6.0,2.0,5.0,0.0,0.0,3.0,1.0,1.0,12.0,10.0
08/26/2018,Fulham,Burnley,4,2,63.8,36.2,12.0,2.0,25.0,12.0,735.0,492.0,572.0,301.0,9.0,21.0,25.0,20.0,6.0,4.0,1.0,5.0,2.0,1.0,0.0,0.0,11.0,8.0
08/25/2018,Huddersfield Town,Cardiff City,0,0,58.0,42.0,1.0,4.0,5.0,14.0,579.0,487.0,396.0,289.0,14.0,19.0,24.0,30.0,7.0,7.0,1.0,1.0,0.0,1.0,1.0,0.0,8.0,10.0
08/25/2018,Liverpool,Brighton and Hove Albion,1,0,70.0,30.0,8.0,2.0,22.0,6.0,963.0,537.0,765.0,327.0,21.0,21.0,12.0,33.0,8.0,5.0,1.0,3.0,1.0,1.0,0.0,0.0,8.0,14.0
08/28/2018,Manchester United,Tottenham Hotspur,0,3,57.0,43.0,5.0,5.0,23.0,9.0,699.0,577.0,488.0,382.0,11.0,23.0,14.0,26.0,5.0,2.0,2.0,1.0,2.0,3.0,0.0,0.0,11.0,16.0
08/26/2018,Newcastle United,Chelsea,1,2,18.9,81.1,2.0,3.0,6.0,15.0,402.0,1099.0,200.0,913.0,21.0,17.0,36.0,20.0,4.0,5.0,2.0,2.0,3.0,1.0,0.0,0.0,16.0,8.0
08/25/2018,Southampton,Leicester City,1,2,51.7,48.3,5.0,5.0,11.0,8.0,632.0,608.0,447.0,425.0,18.0,14.0,13.0,37.0,10.0,3.0,1.0,0.0,1.0,1.0,1.0,0.0,13.0,11.0
08/26/2018,Watford,Crystal Palace,2,1,43.7,56.3,5.0,3.0,13.0,9.0,528.0,645.0,331.0,436.0,26.0,19.0,16.0,28.0,6.0,3.0,1.0,3.0,4.0,2.0,0.0,0.0,14.0,11.0
08/25/2018,Wolverhampton Wanderers,Manchester City,1,1,28.9,71.1,2.0,6.0,11.0,18.0,433.0,844.0,260.0,644.0,19.0,9.0,35.0,11.0,5.0,9.0,4.0,3.0,1.0,2.0,0.0,0.0,13.0,8.0
09/01/2018,Brighton and Hove Albion,Fulham,2,2,41.5,58.5,5.0,5.0,15.0,10.0,560.0,739.0,370.0,551.0,17.0,14.0,8.0,26.0,7.0,1.0,2.0,4.0,3.0,3.0,0.0,0.0,12.0,14.0
09/02/2018,Burnley,Manchester United,0,2,46.6,53.4,2.0,9.0,9.0,21.0,599.0,682.0,437.0,513.0,12.0,6.0,28.0,32.0,2.0,5.0,1.0,1.0,2.0,3.0,0.0,1.0,7.0,13.0
09/02/2018,Cardiff City,Arsenal,2,3,27.7,72.3,3.0,11.0,14.0,17.0,415.0,814.0,234.0,635.0,12.0,11.0,32.0,21.0,3.0,9.0,3.0,1.0,3.0,4.0,0.0,0.0,12.0,14.0
09/01/2018,Chelsea,AFC Bournemouth,2,0,72.6,27.4,6.0,1.0,24.0,8.0,889.0,459.0,704.0,252.0,12.0,14.0,23.0,35.0,7.0,6.0,2.0,1.0,2.0,2.0,0.0,0.0,10.0,7.0
09/01/2018,Crystal Palace,Southampton,0,2,50.7,49.3,6.0,6.0,20.0,19.0,662.0,646.0,432.0,423.0,16.0,19.0,26.0,34.0,7.0,4.0,0.0,1.0,1.0,1.0,0.0,0.0,11.0,12.0
09/01/2018,Everton,Huddersfield Town,1,1,57.6,42.4,1.0,6.0,11.0,9.0,669.0,543.0,464.0,335.0,15.0,30.0,32.0,18.0,4.0,3.0,1.0,0.0,3.0,3.0,0.0,0.0,13.0,14.0
09/01/2018,Leicester City,Liverpool,1,2,51.2,48.8,5.0,4.0,12.0,10.0,694.0,674.0,496.0,473.0,23.0,18.0,27.0,23.0,4.0,4.0,3.0,2.0,3.0,2.0,0.0,0.0,9.0,12.0
09/01/2018,Manchester City,Newcastle United,2,1,78.1,21.9,8.0,2.0,24.0,3.0,957.0,388.0,767.0,217.0,9.0,18.0,9.0,39.0,4.0,0.0,2.0,1.0,0.0,0.0,0.0,0.0,5.0,13.0
09/02/2018,Watford,Tottenham Hotspur,2,1,34.4,65.6,3.0,2.0,7.0,11.0,516.0,756.0,289.0,532.0,15.0,23.0,49.0,19.0,3.0,10.0,2.0,2.0,2.0,1.0,0.0,0.0,9.0,8.0
09/01/2018,West Ham United,Wolverhampton Wanderers,0,1,47.7,52.3,3.0,6.0,13.0,15.0,648.0,698.0,444.0,495.0,22.0,25.0,19.0,19.0,4.0,4.0,1.0,0.0,2.0,1.0,0.0,0.0,10.0,11.0
09/15/2018,AFC Bournemouth,Leicester City,4,2,46.7,53.3,5.0,8.0,10.0,14.0,552.0,616.0,360.0,398.0,12.0,20.0,25.0,26.0,4.0,6.0,1.0,3.0,3.0,2.0,0.0,1.0,13.0,15.0
09/15/2018,Chelsea,Cardiff City,4,1,76.8,23.2,7.0,2.0,18.0,6.0,919.0,381.0,766.0,227.0,10.0,13.0,17.0,17.0,5.0,4.0,0.0,0.0,0.0,0.0,0.0,0.0,8.0,10.0
09/16/2018,Everton,West Ham United,1,3,55.9,44.1,4.0,4.0,16.0,9.0,669.0,592.0,458.0,380.0,22.0,19.0,9.0,28.0,4.0,2.0,3.0,0.0,2.0,5.0,0.0,0.0,15.0,12.0
09/15/2018,Huddersfield Town,Crystal Palace,0,1,58.4,41.6,2.0,2.0,15.0,7.0,672.0,528.0,494.0,363.0,17.0,13.0,9.0,28.0,5.0,3.0,5.0,2.0,1.0,2.0,0.0,0.0,11.0,17.0
09/15/2018,Manchester City,Fulham,3,0,64.7,35.3,9.0,3.0,28.0,9.0,936.0,576.0,736.0,400.0,16.0,14.0,15.0,22.0,10.0,4.0,5.0,2.0,0.0,0.0,0.0,0.0,7.0,7.0
09/15/2018,Newcastle United,Arsenal,1,2,36.3,63.7,2.0,2.0,4.0,12.0,496.0,788.0,327.0,598.0,20.0,15.0,17.0,28.0,10.0,4.0,3.0,1.0,0.0,0.0,0.0,0.0,13.0,11.0
09/18/2018,Southampton,Brighton and Hove Albion,2,2,51.2,48.8,5.0,4.0,14.0,12.0,647.0,622.0,468.0,442.0,16.0,14.0,13.0,21.0,1.0,4.0,2.0,2.0,2.0,3.0,0.0,0.0,10.0,13.0
09/15/2018,Tottenham Hotspur,Liverpool,1,2,60.4,39.6,3.0,10.0,11.0,17.0,722.0,534.0,549.0,356.0,9.0,17.0,17.0,21.0,5.0,4.0,3.0,2.0,0.0,0.0,0.0,0.0,17.0,16.0
09/15/2018,Watford,Manchester United,1,2,42.9,57.1,5.0,6.0,14.0,9.0,579.0,700.0,387.0,520.0,25.0,11.0,28.0,31.0,6.0,8.0,2.0,4.0,2.0,1.0,0.0,1.0,9.0,11.0
09/16/2018,Wolverhampton Wanderers,Burnley,1,0,58.9,41.1,7.0,2.0,30.0,7.0,748.0,571.0,567.0,395.0,13.0,17.0,18.0,22.0,8.0,2.0,1.0,1.0,2.0,4.0,0.0,0.0,10.0,9.0
09/23/2018,Arsenal,Everton,2,0,62.5,37.5,5.0,6.0,9.0,10.0,761.0,552.0,555.0,315.0,19.0,20.0,27.0,28.0,5.0,9.0,1.0,2.0,2.0,1.0,0.0,0.0,17.0,12.0
09/22/2018,Brighton and Hove Albion,Tottenham Hotspur,1,2,28.6,71.4,4.0,7.0,8.0,16.0,419.0,822.0,255.0,658.0,13.0,16.0,14.0,15.0,5.0,7.0,2.0,0.0,2.0,1.0,0.0,0.0,15.0,9.0
09/22/2018,Burnley,AFC Bournemouth,4,0,37.6,62.4,5.0,5.0,12.0,19.0,551.0,808.0,360.0,604.0,15.0,8.0,31.0,29.0,3.0,8.0,1.0,2.0,2.0,0.0,0.0,0.0,17.0,6.0
09/22/2018,Cardiff City,Manchester City,0,5,21.4,78.6,2.0,10.0,2.0,21.0,360.0,961.0,218.0,799.0,16.0,12.0,24.0,10.0,1.0,9.0,2.0,1.0,1.0,1.0,0.0,0.0,6.0,4.0
09/22/2018,Crystal Palace,Newcastle United,0,0,61.9,38.1,4.0,3.0,16.0,6.0,719.0,529.0,481.0,299.0,29.0,25.0,15.0,33.0,9.0,5.0,2.0,1.0,1.0,1.0,0.0,0.0,8.0,11.0
09/22/2018,Fulham,Watford,1,1,60.7,39.3,3.0,6.0,15.0,11.0,724.0,535.0,524.0,335.0,14.0,11.0,35.0,25.0,8.0,8.0,5.0,6.0,2.0,1.0,0.0,0.0,11.0,9.0
09/22/2018,Leicester City,Huddersfield Town,3,1,62.0,38.0,8.0,2.0,18.0,9.0,778.0,527.0,589.0,357.0,23.0,11.0,27.0,13.0,3.0,1.0,1.0,0.0,2.0,1.0,0.0,0.0,10.0,16.0
09/22/2018,Liverpool,Southampton,3,0,60.6,39.4,4.0,1.0,12.0,7.0,910.0,651.0,750.0,479.0,14.0,21.0,12.0,35.0,5.0,4.0,4.0,1.0,0.0,2.0,0.0,0.0,7.0,10.0
09/22/2018,Manchester United,Wolverhampton Wanderers,1,1,64.5,35.5,6.0,8.0,15.0,11.0,865.0,562.0,684.0,379.0,16.0,13.0,13.0,28.0,5.0,4.0,3.0,2.0,1.0,1.0,0.0,0.0,5.0,17.0
09/23/2018,West Ham United,Chelsea,0,0,28.2,71.8,1.0,6.0,6.0,17.0,500.0,933.0,297.0,758.0,22.0,8.0,44.0,8.0,1.0,8.0,2.0,3.0,2.0,1.0,0.0,0.0,11.0,9.0
09/29/2018,Arsenal,Watford,2,0,63.5,36.5,2.0,5.0,9.0,14.0,740.0,502.0,542.0,298.0,10.0,20.0,35.0,22.0,6.0,6.0,1.0,3.0,2.0,2.0,0.0,0.0,11.0,17.0
10/02/2018,AFC Bournemouth,Crystal Palace,2,1,44.4,55.6,5.0,2.0,11.0,10.0,607.0,712.0,425.0,532.0,12.0,19.0,25.0,15.0,3.0,3.0,2.0,2.0,3.0,4.0,0.0,0.0,9.0,12.0
09/30/2018,Cardiff City,Burnley,1,2,54.3,45.7,5.0,2.0,20.0,3.0,524.0,496.0,318.0,287.0,9.0,12.0,24.0,66.0,10.0,2.0,2.0,1.0,1.0,3.0,0.0,0.0,11.0,15.0
09/29/2018,Chelsea,Liverpool,1,1,47.2,52.8,4.0,6.0,10.0,13.0,731.0,804.0,558.0,616.0,13.0,15.0,23.0,16.0,4.0,4.0,2.0,2.0,0.0,2.0,0.0,0.0,7.0,9.0
09/29/2018,Everton,Fulham,3,0,51.2,48.8,6.0,0.0,19.0,6.0,614.0,597.0,388.0,391.0,26.0,18.0,14.0,33.0,12.0,1.0,6.0,0.0,0.0,3.0,0.0,0.0,13.0,13.0
09/29/2018,Huddersfield Town,Tottenham Hotspur,0,2,52.7,47.3,5.0,6.0,9.0,10.0,621.0,611.0,420.0,388.0,24.0,16.0,10.0,40.0,3.0,0.0,1.0,1.0,2.0,2.0,0.0,0.0,17.0,16.0
09/29/2018,Manchester City,Brighton and Hove Albion,2,0,80.1,19.9,8.0,1.0,28.0,4.0,1040.0,367.0,850.0,210.0,15.0,15.0,7.0,34.0,10.0,3.0,0.0,2.0,0.0,3.0,0.0,0.0,4.0,10.0
09/29/2018,Newcastle United,Leicester City,0,2,41.5,58.5,1.0,5.0,6.0,12.0,572.0,740.0,376.0,525.0,24.0,22.0,30.0,12.0,5.0,9.0,1.0,0.0,0.0,0.0,0.0,0.0,11.0,5.0
09/29/2018,West Ham United,Manchester United,3,1,49.0,51.0,3.0,4.0,8.0,9.0,626.0,658.0,455.0,457.0,25.0,9.0,26.0,16.0,4.0,9.0,2.0,4.0,0.0,1.0,0.0,0.0,12.0,12.0
09/29/2018,Wolverhampton Wanderers,Southampton,2,0,48.8,51.2,6.0,6.0,14.0,17.0,639.0,640.0,425.0,444.0,19.0,32.0,24.0,16.0,8.0,6.0,0.0,2.0,3.0,1.0,0.0,0.0,11.0,7.0
10/06/2018,Brighton and Hove Albion,West Ham United,1,0,35.4,64.6,4.0,4.0,9.0,17.0,469.0,694.0,282.0,514.0,17.0,12.0,28.0,17.0,2.0,9.0,5.0,1.0,3.0,2.0,0.0,0.0,12.0,8.0
10/06/2018,Burnley,Huddersfield Town,1,1,31.8,68.2,3.0,2.0,6.0,18.0,473.0,771.0,275.0,580.0,17.0,10.0,42.0,7.0,1.0,10.0,3.0,0.0,2.0,2.0,0.0,0.0,9.0,11.0
10/06/2018,Crystal Palace,Wolverhampton Wanderers,0,1,67.1,32.9,4.0,2.0,11.0,7.0,835.0,502.0,641.0,314.0,17.0,20.0,17.0,24.0,6.0,3.0,1.0,1.0,3.0,4.0,0.0,0.0,11.0,13.0
10/07/2018,Fulham,Arsenal,1,5,48.9,51.1,4.0,7.0,21.0,9.0,667.0,699.0,473.0,504.0,16.0,21.0,21.0,19.0,4.0,2.0,4.0,1.0,2.0,0.0,0.0,0.0,11.0,12.0
10/06/2018,Leicester City,Everton,1,2,51.3,48.7,2.0,8.0,8.0,17.0,655.0,616.0,461.0,423.0,13.0,11.0,33.0,16.0,2.0,10.0,5.0,0.0,2.0,1.0,1.0,0.0,10.0,11.0
10/07/2018,Liverpool,Manchester City,0,0,49.4,50.6,2.0,2.0,7.0,6.0,675.0,708.0,515.0,528.0,17.0,16.0,18.0,25.0,2.0,6.0,2.0,5.0,1.0,3.0,0.0,0.0,10.0,10.0
10/06/2018,Manchester United,Newcastle United,3,2,73.0,27.0,10.0,8.0,18.0,13.0,836.0,458.0,610.0,222.0,11.0,18.0,19.0,52.0,10.0,6.0,1.0,0.0,2.0,2.0,0.0,0.0,16.0,8.0
10/07/2018,Southampton,Chelsea,0,3,34.7,65.3,6.0,6.0,15.0,21.0,550.0,841.0,346.0,651.0,21.0,13.0,36.0,18.0,4.0,12.0,0.0,0.0,6.0,0.0,0.0,0.0,13.0,11.0
10/06/2018,Tottenham Hotspur,Cardiff City,1,0,75.5,24.5,7.0,6.0,19.0,8.0,910.0,415.0,685.0,222.0,18.0,16.0,24.0,37.0,6.0,2.0,0.0,3.0,3.0,1.0,0.0,1.0,7.0,11.0
10/06/2018,Watford,AFC Bournemouth,0,4,47.2,52.8,2.0,7.0,14.0,10.0,537.0,624.0,374.0,426.0,18.0,9.0,12.0,37.0,10.0,7.0,1.0,2.0,3.0,1.0,1.0,0.0,11.0,9.0
10/23/2018,Arsenal,Leicester City,3,1,69.1,30.9,6.0,2.0,19.0,8.0,893.0,505.0,703.0,309.0,20.0,14.0,12.0,18.0,6.0,4.0,2.0,1.0,2.0,2.0,0.0,0.0,10.0,10.0
10/20/2018,AFC Bournemouth,Southampton,0,0,57.3,42.7,2.0,4.0,9.0,8.0,663.0,527.0,458.0,346.0,9.0,18.0,30.0,29.0,6.0,4.0,0.0,4.0,1.0,2.0,0.0,0.0,11.0,14.0
10/20/2018,Cardiff City,Fulham,4,2,40.5,59.5,5.0,4.0,22.0,9.0,515.0,663.0,313.0,479.0,12.0,16.0,21.0,32.0,4.0,4.0,0.0,0.0,3.0,3.0,0.0,0.0,15.0,16.0
10/20/2018,Chelsea,Manchester United,2,2,62.3,37.7,6.0,4.0,21.0,7.0,817.0,547.0,611.0,371.0,12.0,21.0,23.0,29.0,5.0,3.0,2.0,1.0,2.0,5.0,0.0,0.0,9.0,17.0
10/21/2018,Everton,Crystal Palace,2,0,59.8,40.2,4.0,3.0,20.0,7.0,731.0,551.0,510.0,350.0,21.0,23.0,18.0,22.0,10.0,5.0,1.0,0.0,2.0,1.0,0.0,0.0,13.0,17.0
10/20/2018,Huddersfield Town,Liverpool,0,1,47.8,52.2,1.0,2.0,13.0,11.0,726.0,791.0,521.0,585.0,20.0,14.0,21.0,32.0,2.0,4.0,3.0,2.0,0.0,2.0,0.0,0.0,9.0,6.0
10/20/2018,Manchester City,Burnley,5,0,69.1,30.9,10.0,0.0,24.0,5.0,825.0,451.0,679.0,302.0,15.0,12.0,10.0,19.0,10.0,1.0,0.0,0.0,2.0,2.0,0.0,0.0,11.0,5.0
10/20/2018,Newcastle United,Brighton and Hove Albion,0,1,68.0,32.0,6.0,2.0,27.0,8.0,745.0,476.0,504.0,247.0,17.0,19.0,15.0,49.0,10.0,2.0,1.0,1.0,0.0,2.0,0.0,0.0,13.0,17.0
10/20/2018,West Ham United,Tottenham Hotspur,0,1,44.0,56.0,4.0,2.0,13.0,10.0,594.0,705.0,377.0,506.0,31.0,13.0,14.0,25.0,10.0,6.0,3.0,2.0,3.0,0.0,0.0,0.0,8.0,10.0
10/20/2018,Wolverhampton Wanderers,Watford,0,2,44.8,55.2,1.0,3.0,10.0,9.0,586.0,749.0,420.0,550.0,22.0,17.0,13.0,29.0,8.0,2.0,2.0,1.0,3.0,1.0,0.0,0.0,23.0,13.0
10/27/2018,Brighton and Hove Albion,Wolverhampton Wanderers,1,0,39.9,60.1,1.0,7.0,7.0,25.0,549.0,737.0,362.0,523.0,19.0,11.0,33.0,10.0,1.0,10.0,0.0,1.0,3.0,0.0,0.0,0.0,11.0,8.0
10/28/2018,Burnley,Chelsea,0,4,30.2,69.8,1.0,8.0,7.0,24.0,490.0,960.0,325.0,796.0,13.0,9.0,14.0,23.0,4.0,4.0,5.0,0.0,4.0,2.0,0.0,0.0,14.0,10.0
10/28/2018,Crystal Palace,Arsenal,2,2,42.2,57.8,3.0,2.0,16.0,7.0,613.0,760.0,399.0,555.0,22.0,25.0,9.0,33.0,6.0,4.0,2.0,0.0,1.0,2.0,0.0,0.0,10.0,16.0
10/27/2018,Fulham,AFC Bournemouth,0,3,52.0,48.0,1.0,5.0,11.0,12.0,704.0,683.0,547.0,495.0,10.0,7.0,34.0,24.0,5.0,5.0,1.0,1.0,2.0,1.0,1.0,0.0,16.0,3.0
10/27/2018,Leicester City,West Ham United,1,1,64.2,35.8,7.0,3.0,21.0,11.0,769.0,555.0,552.0,327.0,16.0,21.0,6.0,47.0,8.0,0.0,7.0,1.0,1.0,1.0,0.0,1.0,17.0,5.0
10/27/2018,Liverpool,Cardiff City,4,1,79.6,20.4,7.0,1.0,19.0,2.0,1004.0,390.0,818.0,207.0,12.0,14.0,11.0,41.0,8.0,0.0,0.0,4.0,0.0,0.0,0.0,0.0,6.0,4.0
10/28/2018,Manchester United,Everton,2,1,53.7,46.3,10.0,6.0,14.0,14.0,654.0,627.0,486.0,413.0,15.0,16.0,10.0,24.0,8.0,4.0,7.0,0.0,2.0,1.0,0.0,0.0,15.0,12.0
10/27/2018,Southampton,Newcastle United,0,0,50.2,49.8,4.0,0.0,22.0,6.0,631.0,626.0,405.0,414.0,13.0,16.0,23.0,48.0,7.0,2.0,1.0,3.0,0.0,1.0,0.0,0.0,9.0,12.0
10/30/2018,Tottenham Hotspur,Manchester City,0,1,48.0,52.0,1.0,6.0,4.0,13.0,651.0,693.0,476.0,514.0,17.0,12.0,20.0,22.0,3.0,6.0,4.0,4.0,2.0,2.0,0.0,0.0,13.0,13.0
10/27/2018,Watford,Huddersfield Town,3,0,48.1,51.9,6.0,7.0,12.0,13.0,680.0,710.0,467.0,498.0,19.0,26.0,23.0,13.0,3.0,3.0,3.0,3.0,1.0,2.0,0.0,0.0,9.0,13.0
11/04/2018,Arsenal,Liverpool,1,1,61.8,38.2,4.0,4.0,12.0,13.0,785.0,562.0,586.0,356.0,20.0,13.0,28.0,29.0,5.0,8.0,7.0,1.0,1.0,1.0,0.0,0.0,7.0,7.0
11/03/2018,AFC Bournemouth,Manchester United,1,2,48.7,51.3,7.0,8.0,18.0,18.0,614.0,648.0,412.0,447.0,20.0,17.0,34.0,29.0,9.0,5.0,0.0,5.0,4.0,3.0,0.0,0.0,12.0,12.0
11/03/2018,Cardiff City,Leicester City,0,1,40.1,59.9,2.0,5.0,11.0,13.0,465.0,616.0,271.0,403.0,13.0,11.0,27.0,38.0,6.0,12.0,4.0,3.0,2.0,2.0,0.0,0.0,13.0,12.0
11/04/2018,Chelsea,Crystal Palace,3,1,73.7,26.3,6.0,2.0,15.0,7.0,1061.0,492.0,883.0,313.0,21.0,21.0,11.0,16.0,4.0,2.0,6.0,1.0,0.0,1.0,0.0,0.0,6.0,13.0
11/03/2018,Everton,Brighton and Hove Albion,3,1,61.5,38.5,3.0,3.0,14.0,5.0,707.0,503.0,491.0,315.0,18.0,16.0,15.0,30.0,6.0,4.0,2.0,2.0,0.0,1.0,0.0,0.0,9.0,17.0
11/06/2018,Huddersfield Town,Fulham,1,0,45.1,54.9,2.0,1.0,10.0,8.0,598.0,714.0,387.0,490.0,25.0,17.0,10.0,17.0,5.0,4.0,3.0,6.0,1.0,2.0,0.0,0.0,11.0,8.0
11/04/2018,Manchester City,Southampton,6,1,67.3,32.7,8.0,6.0,18.0,13.0,914.0,523.0,729.0,341.0,12.0,19.0,17.0,19.0,4.0,4.0,1.0,1.0,1.0,1.0,0.0,0.0,14.0,9.0
11/03/2018,Newcastle United,Watford,1,0,41.9,58.1,2.0,1.0,10.0,16.0,534.0,665.0,326.0,452.0,20.0,8.0,29.0,35.0,8.0,9.0,4.0,2.0,1.0,5.0,0.0,0.0,12.0,11.0
11/03/2018,West Ham United,Burnley,4,2,62.8,37.2,10.0,3.0,22.0,6.0,732.0,495.0,527.0,312.0,14.0,19.0,25.0,34.0,10.0,4.0,2.0,2.0,1.0,4.0,0.0,0.0,7.0,9.0
11/04/2018,Wolverhampton Wanderers,Tottenham Hotspur,2,3,48.6,51.4,7.0,8.0,16.0,10.0,657.0,688.0,458.0,505.0,22.0,21.0,7.0,23.0,5.0,1.0,5.0,3.0,1.0,2.0,0.0,0.0,11.0,8.0
11/11/2018,Arsenal,Wolverhampton Wanderers,1,1,71.7,28.3,3.0,5.0,10.0,13.0,919.0,494.0,734.0,292.0,12.0,19.0,4.0,26.0,11.0,2.0,1.0,2.0,2.0,2.0,0.0,0.0,9.0,16.0
11/10/2018,Cardiff City,Brighton and Hove Albion,2,1,60.6,39.4,6.0,3.0,20.0,7.0,650.0,477.0,472.0,315.0,12.0,14.0,7.0,36.0,4.0,1.0,0.0,0.0,2.0,1.0,0.0,1.0,7.0,21.0
11/11/2018,Chelsea,Everton,0,0,68.7,31.3,4.0,1.0,15.0,6.0,876.0,485.0,688.0,309.0,19.0,21.0,13.0,21.0,5.0,5.0,5.0,7.0,4.0,3.0,0.0,0.0,7.0,11.0
11/11/2018,Crystal Palace,Tottenham Hotspur,0,1,35.4,64.6,5.0,2.0,11.0,11.0,524.0,801.0,306.0,581.0,20.0,18.0,25.0,32.0,10.0,6.0,4.0,1.0,1.0,1.0,0.0,0.0,12.0,9.0
11/10/2018,Huddersfield Town,West Ham United,1,1,43.9,56.1,7.0,5.0,15.0,12.0,554.0,662.0,354.0,448.0,18.0,18.0,26.0,22.0,5.0,6.0,7.0,3.0,1.0,1.0,0.0,0.0,9.0,8.0
11/10/2018,Leicester City,Burnley,0,0,63.0,37.0,5.0,1.0,22.0,6.0,690.0,488.0,479.0,298.0,13.0,9.0,17.0,36.0,12.0,1.0,1.0,2.0,2.0,0.0,0.0,0.0,13.0,10.0
11/11/2018,Liverpool,Fulham,2,0,73.0,27.0,7.0,3.0,21.0,8.0,914.0,476.0,725.0,263.0,18.0,15.0,13.0,32.0,6.0,3.0,2.0,5.0,1.0,1.0,0.0,0.0,11.0,9.0
11/11/2018,Manchester City,Manchester United,3,1,64.9,35.1,5.0,1.0,17.0,6.0,888.0,557.0,700.0,380.0,13.0,18.0,14.0,29.0,5.0,1.0,0.0,0.0,1.0,1.0,0.0,0.0,12.0,12.0
11/10/2018,Newcastle United,AFC Bournemouth,2,1,39.3,60.7,6.0,4.0,18.0,14.0,553.0,738.0,323.0,505.0,18.0,18.0,33.0,40.0,7.0,10.0,2.0,2.0,2.0,1.0,0.0,0.0,9.0,11.0
11/10/2018,Southampton,Watford,1,1,42.3,57.7,4.0,6.0,14.0,12.0,527.0,599.0,305.0,420.0,17.0,11.0,37.0,16.0,7.0,6.0,4.0,4.0,3.0,2.0,0.0,0.0,13.0,13.0
11/25/2018,AFC Bournemouth,Arsenal,1,2,41.3,58.7,5.0,4.0,11.0,20.0,612.0,775.0,394.0,574.0,14.0,20.0,30.0,20.0,5.0,8.0,4.0,2.0,2.0,1.0,0.0,0.0,6.0,9.0
11/24/2018,Brighton and Hove Albion,Leicester City,1,1,54.6,45.4,3.0,3.0,14.0,8.0,628.0,579.0,431.0,369.0,19.0,17.0,11.0,20.0,6.0,1.0,5.0,1.0,3.0,1.0,0.0,1.0,10.0,7.0
11/27/2018,Burnley,Newcastle United,1,2,56.5,43.5,4.0,3.0,14.0,17.0,783.0,648.0,585.0,450.0,15.0,12.0,21.0,45.0,5.0,5.0,1.0,1.0,0.0,1.0,0.0,0.0,6.0,11.0
11/24/2018,Everton,Cardiff City,1,0,70.7,29.3,8.0,1.0,16.0,7.0,736.0,411.0,517.0,220.0,12.0,16.0,23.0,35.0,7.0,3.0,0.0,1.0,0.0,3.0,0.0,0.0,12.0,13.0
11/24/2018,Fulham,Southampton,3,2,37.2,62.8,5.0,8.0,10.0,19.0,578.0,819.0,370.0,600.0,20.0,19.0,43.0,11.0,2.0,5.0,4.0,1.0,2.0,3.0,0.0,0.0,10.0,6.0
11/24/2018,Manchester United,Crystal Palace,0,0,59.8,40.2,5.0,2.0,12.0,13.0,713.0,567.0,509.0,351.0,23.0,13.0,17.0,39.0,10.0,3.0,2.0,3.0,1.0,2.0,0.0,0.0,13.0,12.0
11/25/2018,Tottenham Hotspur,Chelsea,3,1,39.9,60.1,9.0,2.0,18.0,13.0,556.0,760.0,369.0,549.0,12.0,15.0,22.0,8.0,4.0,4.0,3.0,5.0,0.0,3.0,0.0,0.0,19.0,12.0
11/24/2018,Watford,Liverpool,0,3,36.3,63.7,1.0,7.0,5.0,10.0,533.0,821.0,360.0,637.0,14.0,13.0,25.0,22.0,5.0,5.0,4.0,4.0,0.0,1.0,0.0,1.0,12.0,13.0
11/24/2018,West Ham United,Manchester City,0,4,30.7,69.3,1.0,6.0,9.0,9.0,517.0,1007.0,359.0,839.0,21.0,13.0,11.0,14.0,8.0,1.0,2.0,3.0,0.0,0.0,0.0,0.0,6.0,3.0
11/25/2018,Wolverhampton Wanderers,Huddersfield Town,0,2,44.8,55.2,3.0,6.0,12.0,14.0,662.0,756.0,443.0,547.0,21.0,28.0,18.0,19.0,3.0,5.0,1.0,1.0,1.0,2.0,0.0,0.0,9.0,8.0
12/02/2018,Arsenal,Tottenham Hotspur,4,2,59.3,40.7,7.0,6.0,22.0,11.0,707.0,530.0,477.0,331.0,27.0,21.0,20.0,17.0,8.0,5.0,5.0,2.0,3.0,3.0,0.0,1.0,15.0,17.0
12/01/2018,Cardiff City,Wolverhampton Wanderers,2,1,47.9,52.1,3.0,4.0,17.0,15.0,543.0,579.0,312.0,345.0,26.0,21.0,21.0,48.0,7.0,6.0,2.0,0.0,1.0,2.0,0.0,0.0,3.0,12.0
12/02/2018,Chelsea,Fulham,2,0,66.0,34.0,9.0,4.0,16.0,9.0,922.0,555.0,725.0,360.0,18.0,23.0,17.0,18.0,4.0,6.0,0.0,1.0,2.0,1.0,0.0,0.0,8.0,17.0
12/01/2018,Crystal Palace,Burnley,2,0,58.6,41.4,9.0,0.0,29.0,4.0,716.0,563.0,518.0,357.0,9.0,18.0,19.0,33.0,10.0,2.0,1.0,2.0,1.0,1.0,0.0,0.0,9.0,10.0
12/01/2018,Huddersfield Town,Brighton and Hove Albion,1,2,32.1,67.9,2.0,6.0,7.0,14.0,434.0,758.0,265.0,568.0,13.0,15.0,18.0,29.0,2.0,6.0,1.0,4.0,0.0,2.0,1.0,0.0,10.0,12.0
12/01/2018,Leicester City,Watford,2,0,37.7,62.3,3.0,0.0,7.0,8.0,512.0,707.0,303.0,496.0,27.0,14.0,48.0,16.0,4.0,8.0,1.0,1.0,2.0,1.0,0.0,1.0,7.0,6.0
12/02/2018,Liverpool,Everton,1,0,57.6,42.4,3.0,3.0,16.0,9.0,716.0,589.0,521.0,388.0,21.0,16.0,17.0,42.0,8.0,1.0,1.0,3.0,3.0,2.0,0.0,0.0,12.0,7.0
12/01/2018,Manchester City,AFC Bournemouth,3,1,73.1,26.9,6.0,1.0,16.0,4.0,951.0,440.0,786.0,286.0,14.0,6.0,21.0,36.0,8.0,4.0,2.0,3.0,0.0,0.0,0.0,0.0,9.0,3.0
12/01/2018,Newcastle United,West Ham United,0,3,58.7,41.3,4.0,4.0,16.0,7.0,709.0,550.0,492.0,358.0,11.0,26.0,12.0,39.0,7.0,3.0,3.0,3.0,3.0,3.0,0.0,0.0,10.0,10.0
12/02/2018,Southampton,Manchester United,2,2,40.3,59.7,6.0,5.0,16.0,11.0,560.0,732.0,358.0,520.0,20.0,24.0,23.0,15.0,3.0,5.0,0.0,2.0,4.0,4.0,0.0,0.0,12.0,13.0
12/05/2018,AFC Bournemouth,Huddersfield Town,2,1,32.8,67.2,2.0,6.0,6.0,23.0,543.0,825.0,304.0,608.0,14.0,22.0,55.0,8.0,4.0,8.0,3.0,0.0,4.0,2.0,0.0,0.0,14.0,11.0
12/05/2018,Brighton and Hove Albion,Crystal Palace,3,1,31.5,68.5,3.0,5.0,9.0,18.0,488.0,809.0,269.0,591.0,30.0,17.0,33.0,13.0,4.0,5.0,0.0,0.0,2.0,3.0,1.0,0.0,14.0,12.0
12/06/2018,Burnley,Liverpool,1,3,25.8,74.2,6.0,12.0,10.0,18.0,405.0,857.0,228.0,681.0,13.0,5.0,22.0,15.0,5.0,9.0,6.0,3.0,1.0,0.0,0.0,0.0,10.0,3.0
12/06/2018,Fulham,Leicester City,1,1,45.5,54.5,7.0,5.0,25.0,13.0,533.0,591.0,315.0,385.0,7.0,14.0,13.0,25.0,10.0,8.0,2.0,2.0,0.0,0.0,0.0,0.0,12.0,7.0
12/06/2018,Manchester United,Arsenal,2,2,44.8,55.2,7.0,4.0,10.0,9.0,628.0,726.0,447.0,545.0,15.0,12.0,18.0,21.0,4.0,4.0,2.0,3.0,3.0,3.0,0.0,0.0,13.0,10.0
12/05/2018,Watford,Manchester City,1,2,29.9,70.1,7.0,7.0,11.0,15.0,491.0,904.0,308.0,714.0,18.0,16.0,35.0,28.0,3.0,11.0,4.0,6.0,0.0,1.0,0.0,0.0,4.0,8.0
12/05/2018,West Ham United,Cardiff City,3,1,61.0,39.0,11.0,5.0,17.0,9.0,654.0,491.0,461.0,295.0,12.0,14.0,11.0,20.0,10.0,4.0,2.0,5.0,1.0,2.0,0.0,0.0,10.0,10.0
12/06/2018,Wolverhampton Wanderers,Chelsea,2,1,29.9,70.1,2.0,3.0,6.0,17.0,463.0,875.0,284.0,678.0,16.0,14.0,18.0,18.0,1.0,5.0,2.0,0.0,4.0,4.0,0.0,0.0,18.0,10.0
12/06/2018,Everton,Newcastle United,1,1,76.3,23.7,3.0,5.0,19.0,8.0,884.0,446.0,646.0,204.0,14.0,25.0,8.0,63.0,14.0,2.0,0.0,2.0,0.0,5.0,0.0,0.0,7.0,18.0
12/06/2018,Tottenham Hotspur,Southampton,3,1,52.1,47.9,8.0,5.0,13.0,18.0,705.0,660.0,527.0,473.0,9.0,15.0,29.0,21.0,8.0,6.0,4.0,2.0,0.0,0.0,0.0,0.0,7.0,5.0
12/08/2018,Arsenal,Huddersfield Town,1,0,61.9,38.1,2.0,0.0,14.0,6.0,716.0,501.0,525.0,323.0,17.0,16.0,14.0,22.0,7.0,1.0,2.0,0.0,5.0,4.0,0.0,0.0,13.0,20.0
12/08/2018,AFC Bournemouth,Liverpool,0,4,40.5,59.5,2.0,4.0,8.0,10.0,614.0,816.0,424.0,634.0,14.0,13.0,16.0,18.0,6.0,6.0,3.0,2.0,2.0,1.0,0.0,0.0,9.0,11.0
12/08/2018,Burnley,Brighton and Hove Albion,1,0,37.4,62.6,4.0,1.0,14.0,14.0,491.0,704.0,307.0,515.0,12.0,11.0,21.0,20.0,2.0,7.0,2.0,1.0,2.0,0.0,0.0,0.0,11.0,11.0
12/08/2018,Cardiff City,Southampton,1,0,36.2,63.8,4.0,1.0,13.0,12.0,461.0,650.0,248.0,448.0,13.0,17.0,28.0,34.0,7.0,7.0,4.0,0.0,2.0,2.0,0.0,0.0,9.0,10.0
12/09/2018,Chelsea,Manchester City,2,0,38.7,61.3,5.0,4.0,8.0,14.0,616.0,844.0,410.0,640.0,28.0,19.0,31.0,11.0,1.0,13.0,1.0,2.0,2.0,0.0,0.0,0.0,12.0,11.0
12/11/2018,Everton,Watford,2,2,56.6,43.4,5.0,3.0,12.0,15.0,649.0,542.0,412.0,321.0,22.0,25.0,29.0,27.0,6.0,6.0,4.0,4.0,1.0,1.0,0.0,0.0,13.0,13.0
12/09/2018,Leicester City,Tottenham Hotspur,0,2,42.2,57.8,3.0,2.0,11.0,7.0,629.0,768.0,410.0,578.0,20.0,23.0,18.0,29.0,6.0,5.0,3.0,1.0,3.0,1.0,0.0,0.0,12.0,7.0
12/08/2018,Manchester United,Fulham,4,1,62.7,37.3,11.0,4.0,20.0,10.0,834.0,572.0,625.0,376.0,15.0,18.0,15.0,26.0,10.0,3.0,4.0,3.0,1.0,1.0,0.0,1.0,11.0,15.0
12/09/2018,Newcastle United,Wolverhampton Wanderers,1,2,50.4,49.6,4.0,6.0,12.0,13.0,608.0,615.0,425.0,425.0,13.0,13.0,23.0,30.0,4.0,6.0,0.0,2.0,2.0,5.0,1.0,0.0,10.0,17.0
12/08/2018,West Ham United,Crystal Palace,3,2,48.3,51.7,6.0,4.0,13.0,8.0,642.0,656.0,430.0,474.0,19.0,19.0,20.0,21.0,5.0,3.0,2.0,0.0,1.0,2.0,0.0,0.0,10.0,8.0
12/16/2018,Brighton and Hove Albion,Chelsea,1,2,41.7,58.3,2.0,3.0,6.0,10.0,639.0,833.0,455.0,654.0,24.0,15.0,14.0,11.0,4.0,1.0,5.0,4.0,2.0,2.0,0.0,0.0,14.0,6.0
12/15/2018,Crystal Palace,Leicester City,1,0,43.3,56.7,1.0,2.0,8.0,12.0,618.0,717.0,384.0,495.0,27.0,24.0,31.0,9.0,4.0,4.0,6.0,3.0,2.0,1.0,0.0,0.0,10.0,8.0
12/16/2018,Fulham,West Ham United,0,2,56.0,44.0,4.0,3.0,16.0,6.0,700.0,603.0,498.0,391.0,16.0,22.0,19.0,36.0,6.0,4.0,6.0,2.0,2.0,1.0,0.0,0.0,14.0,10.0
12/15/2018,Huddersfield Town,Newcastle United,0,1,73.5,26.5,5.0,5.0,15.0,8.0,859.0,474.0,624.0,233.0,19.0,17.0,13.0,61.0,10.0,1.0,2.0,1.0,1.0,1.0,0.0,0.0,5.0,13.0
12/16/2018,Liverpool,Manchester United,3,1,64.5,35.5,11.0,2.0,36.0,6.0,794.0,544.0,562.0,321.0,12.0,27.0,9.0,41.0,13.0,2.0,2.0,3.0,0.0,2.0,0.0,0.0,6.0,14.0
12/15/2018,Manchester City,Everton,3,1,67.0,33.0,5.0,2.0,13.0,9.0,861.0,516.0,705.0,335.0,15.0,11.0,14.0,19.0,6.0,2.0,3.0,2.0,1.0,2.0,0.0,0.0,7.0,9.0
12/16/2018,Southampton,Arsenal,3,2,33.8,66.2,7.0,4.0,12.0,13.0,519.0,845.0,317.0,629.0,20.0,15.0,20.0,14.0,4.0,5.0,2.0,2.0,3.0,1.0,0.0,0.0,12.0,10.0
12/15/2018,Tottenham Hotspur,Burnley,1,0,70.3,29.7,3.0,0.0,15.0,4.0,802.0,437.0,623.0,264.0,7.0,23.0,10.0,34.0,8.0,3.0,2.0,1.0,0.0,2.0,0.0,0.0,7.0,8.0
12/15/2018,Watford,Cardiff City,3,2,71.5,28.5,8.0,3.0,17.0,10.0,845.0,438.0,663.0,255.0,13.0,17.0,14.0,26.0,5.0,0.0,2.0,1.0,0.0,0.0,0.0,0.0,7.0,5.0
12/15/2018,Wolverhampton Wanderers,AFC Bournemouth,2,0,37.8,62.2,4.0,3.0,10.0,13.0,561.0,831.0,389.0,633.0,21.0,8.0,25.0,18.0,5.0,3.0,4.0,0.0,1.0,2.0,0.0,0.0,15.0,7.0
12/22/2018,Arsenal,Burnley,3,1,60.1,39.9,6.0,2.0,11.0,7.0,726.0,515.0,553.0,357.0,17.0,17.0,18.0,12.0,1.0,3.0,2.0,4.0,2.0,5.0,0.0,0.0,10.0,14.0
12/22/2018,AFC Bournemouth,Brighton and Hove Albion,2,0,57.2,42.8,3.0,5.0,14.0,10.0,727.0,578.0,541.0,392.0,11.0,19.0,15.0,19.0,6.0,5.0,3.0,2.0,2.0,0.0,0.0,1.0,8.0,18.0
12/23/2018,Cardiff City,Manchester United,1,5,25.7,74.3,3.0,9.0,9.0,17.0,385.0,801.0,209.0,640.0,17.0,17.0,15.0,14.0,4.0,7.0,3.0,0.0,2.0,1.0,0.0,0.0,13.0,13.0
12/22/2018,Chelsea,Leicester City,0,1,72.1,27.9,5.0,3.0,17.0,8.0,914.0,499.0,693.0,262.0,18.0,23.0,13.0,37.0,9.0,5.0,3.0,2.0,0.0,2.0,0.0,0.0,10.0,9.0
12/23/2018,Everton,Tottenham Hotspur,2,6,41.5,58.5,3.0,8.0,10.0,17.0,581.0,791.0,412.0,605.0,11.0,14.0,9.0,29.0,2.0,1.0,4.0,2.0,0.0,2.0,0.0,0.0,13.0,9.0
12/22/2018,Huddersfield Town,Southampton,1,3,62.3,37.7,5.0,6.0,16.0,13.0,710.0,554.0,523.0,329.0,16.0,12.0,14.0,46.0,8.0,2.0,3.0,1.0,2.0,3.0,0.0,0.0,12.0,9.0
12/22/2018,Manchester City,Crystal Palace,2,3,78.3,21.7,5.0,3.0,19.0,5.0,940.0,404.0,733.0,213.0,17.0,23.0,3.0,46.0,13.0,0.0,2.0,1.0,0.0,4.0,0.0,0.0,7.0,6.0
12/22/2018,Newcastle United,Fulham,0,0,53.5,46.5,0.0,2.0,9.0,4.0,700.0,653.0,499.0,463.0,22.0,9.0,10.0,40.0,6.0,0.0,2.0,4.0,1.0,2.0,0.0,0.0,9.0,12.0
12/22/2018,West Ham United,Watford,0,2,51.6,48.4,7.0,5.0,18.0,11.0,648.0,617.0,381.0,380.0,19.0,25.0,26.0,38.0,10.0,4.0,4.0,2.0,3.0,2.0,0.0,0.0,9.0,11.0
12/22/2018,Wolverhampton Wanderers,Liverpool,0,2,38.3,61.7,5.0,6.0,11.0,15.0,627.0,888.0,420.0,675.0,26.0,16.0,15.0,18.0,1.0,10.0,4.0,2.0,0.0,0.0,0.0,0.0,7.0,3.0
12/27/2018,Brighton and Hove Albion,Arsenal,1,1,32.0,68.0,3.0,4.0,12.0,7.0,480.0,869.0,324.0,711.0,19.0,7.0,22.0,12.0,4.0,9.0,1.0,1.0,2.0,1.0,0.0,0.0,10.0,4.0
12/26/2018,Burnley,Everton,1,5,49.0,51.0,4.0,6.0,11.0,13.0,579.0,615.0,401.0,417.0,17.0,10.0,20.0,31.0,5.0,7.0,2.0,2.0,2.0,4.0,0.0,0.0,11.0,19.0
12/26/2018,Crystal Palace,Cardiff City,0,0,62.4,37.6,5.0,4.0,31.0,9.0,735.0,507.0,487.0,303.0,10.0,20.0,13.0,47.0,12.0,1.0,0.0,3.0,0.0,3.0,0.0,0.0,9.0,11.0
12/26/2018,Fulham,Wolverhampton Wanderers,1,1,29.8,70.2,5.0,5.0,11.0,14.0,493.0,878.0,286.0,685.0,15.0,23.0,28.0,4.0,2.0,0.0,0.0,2.0,2.0,1.0,0.0,0.0,9.0,6.0
12/26/2018,Leicester City,Manchester City,2,1,33.9,66.1,5.0,4.0,10.0,11.0,522.0,817.0,320.0,613.0,22.0,18.0,47.0,13.0,3.0,7.0,1.0,3.0,2.0,2.0,0.0,1.0,5.0,8.0
12/26/2018,Liverpool,Newcastle United,4,0,75.0,25.0,8.0,2.0,16.0,6.0,904.0,432.0,723.0,233.0,8.0,15.0,13.0,42.0,10.0,2.0,1.0,1.0,0.0,0.0,0.0,0.0,7.0,10.0
12/26/2018,Manchester United,Huddersfield Town,3,1,64.7,35.3,10.0,2.0,16.0,10.0,838.0,547.0,634.0,335.0,14.0,27.0,14.0,22.0,5.0,3.0,1.0,4.0,1.0,1.0,0.0,0.0,9.0,13.0
12/28/2018,Southampton,West Ham United,1,2,45.8,54.2,5.0,5.0,11.0,16.0,640.0,744.0,409.0,487.0,25.0,20.0,31.0,20.0,4.0,6.0,4.0,2.0,2.0,0.0,0.0,0.0,10.0,3.0
12/26/2018,Tottenham Hotspur,AFC Bournemouth,5,0,56.7,43.3,7.0,4.0,10.0,14.0,768.0,602.0,599.0,449.0,12.0,16.0,16.0,6.0,3.0,4.0,1.0,3.0,2.0,1.0,0.0,0.0,5.0,8.0
12/27/2018,Watford,Chelsea,1,2,35.0,65.0,2.0,4.0,11.0,10.0,552.0,906.0,392.0,729.0,18.0,12.0,12.0,13.0,3.0,4.0,0.0,2.0,1.0,0.0,0.0,0.0,15.0,5.0
12/29/2018,Brighton and Hove Albion,Everton,1,0,44.8,55.2,3.0,4.0,11.0,13.0,587.0,650.0,349.0,427.0,23.0,16.0,36.0,19.0,6.0,6.0,2.0,1.0,0.0,2.0,0.0,0.0,10.0,11.0
12/30/2018,Burnley,West Ham United,2,0,43.0,57.0,5.0,4.0,17.0,11.0,559.0,650.0,338.0,453.0,21.0,16.0,33.0,18.0,5.0,5.0,4.0,1.0,1.0,4.0,0.0,0.0,15.0,11.0
12/30/2018,Crystal Palace,Chelsea,0,1,34.2,65.8,0.0,4.0,4.0,12.0,579.0,950.0,394.0,781.0,13.0,13.0,24.0,17.0,3.0,4.0,3.0,3.0,0.0,1.0,0.0,0.0,11.0,8.0
12/29/2018,Fulham,Huddersfield Town,1,0,43.5,56.5,5.0,5.0,14.0,9.0,585.0,702.0,395.0,529.0,8.0,9.0,26.0,18.0,4.0,3.0,3.0,2.0,3.0,1.0,0.0,0.0,12.0,10.0
12/29/2018,Leicester City,Cardiff City,0,1,62.2,37.8,7.0,3.0,16.0,12.0,671.0,488.0,448.0,273.0,19.0,15.0,27.0,34.0,10.0,4.0,0.0,1.0,0.0,2.0,0.0,0.0,14.0,16.0
12/30/2018,Liverpool,Arsenal,5,1,47.9,52.1,10.0,2.0,15.0,8.0,683.0,717.0,511.0,551.0,17.0,17.0,15.0,14.0,5.0,3.0,2.0,5.0,1.0,2.0,0.0,0.0,8.0,13.0
12/30/2018,Manchester United,AFC Bournemouth,4,1,64.9,35.1,8.0,3.0,11.0,7.0,854.0,513.0,681.0,355.0,12.0,8.0,20.0,19.0,4.0,5.0,6.0,0.0,2.0,0.0,1.0,0.0,10.0,7.0
12/30/2018,Southampton,Manchester City,1,3,23.4,76.6,4.0,6.0,5.0,14.0,413.0,971.0,235.0,783.0,25.0,12.0,33.0,19.0,3.0,8.0,0.0,2.0,2.0,3.0,1.0,0.0,11.0,10.0
12/29/2018,Tottenham Hotspur,Wolverhampton Wanderers,1,3,60.8,39.2,3.0,4.0,10.0,11.0,840.0,600.0,664.0,413.0,18.0,18.0,18.0,14.0,6.0,7.0,0.0,4.0,3.0,2.0,0.0,0.0,7.0,7.0
12/29/2018,Watford,Newcastle United,1,1,62.7,37.3,5.0,2.0,12.0,8.0,787.0,532.0,566.0,326.0,7.0,22.0,28.0,34.0,3.0,6.0,1.0,4.0,1.0,2.0,0.0,0.0,17.0,16.0
01/01/2019,Arsenal,Fulham,4,1,59.6,40.4,9.0,4.0,16.0,9.0,743.0,568.0,542.0,365.0,15.0,18.0,16.0,33.0,8.0,3.0,4.0,4.0,0.0,1.0,0.0,0.0,7.0,12.0
01/03/2019,AFC Bournemouth,Watford,3,3,57.0,43.0,12.0,3.0,25.0,11.0,682.0,550.0,491.0,379.0,15.0,17.0,16.0,23.0,4.0,2.0,2.0,2.0,1.0,4.0,0.0,0.0,9.0,15.0
01/02/2019,Cardiff City,Tottenham Hotspur,0,3,26.9,73.1,3.0,4.0,5.0,13.0,438.0,984.0,290.0,823.0,14.0,9.0,14.0,24.0,5.0,3.0,6.0,2.0,1.0,0.0,0.0,0.0,6.0,6.0
01/03/2019,Chelsea,Southampton,0,0,71.6,28.4,6.0,2.0,17.0,6.0,984.0,535.0,748.0,296.0,18.0,20.0,20.0,42.0,7.0,2.0,5.0,3.0,1.0,2.0,0.0,0.0,8.0,11.0
01/01/2019,Everton,Leicester City,0,1,59.6,40.4,2.0,4.0,17.0,8.0,750.0,611.0,525.0,366.0,18.0,26.0,13.0,34.0,6.0,5.0,1.0,2.0,3.0,1.0,0.0,0.0,5.0,8.0
01/03/2019,Huddersfield Town,Burnley,1,2,42.9,57.1,2.0,8.0,9.0,16.0,540.0,698.0,361.0,483.0,18.0,10.0,20.0,31.0,5.0,2.0,0.0,2.0,0.0,4.0,1.0,1.0,11.0,9.0
01/04/2019,Manchester City,Liverpool,2,1,49.6,50.4,4.0,5.0,9.0,7.0,762.0,766.0,578.0,583.0,14.0,18.0,31.0,21.0,2.0,1.0,2.0,1.0,4.0,2.0,0.0,0.0,12.0,7.0
01/03/2019,Newcastle United,Manchester United,0,2,34.9,65.1,3.0,7.0,14.0,16.0,561.0,884.0,350.0,687.0,28.0,15.0,13.0,22.0,1.0,2.0,0.0,0.0,1.0,2.0,0.0,0.0,10.0,9.0
01/03/2019,West Ham United,Brighton and Hove Albion,2,2,54.3,45.7,6.0,6.0,13.0,13.0,684.0,587.0,494.0,410.0,10.0,17.0,10.0,16.0,1.0,5.0,0.0,4.0,0.0,1.0,0.0,0.0,9.0,11.0
01/03/2019,Wolverhampton Wanderers,Crystal Palace,0,2,51.9,48.1,1.0,4.0,9.0,17.0,730.0,698.0,527.0,480.0,26.0,19.0,40.0,9.0,3.0,10.0,1.0,0.0,4.0,1.0,0.0,0.0,9.0,7.0
01/12/2019,Brighton and Hove Albion,Liverpool,0,1,29.1,70.9,0.0,3.0,7.0,10.0,458.0,904.0,301.0,755.0,12.0,10.0,17.0,14.0,2.0,7.0,5.0,0.0,0.0,0.0,0.0,0.0,15.0,5.0
01/12/2019,Burnley,Fulham,2,1,41.8,58.2,1.0,4.0,11.0,12.0,609.0,785.0,419.0,564.0,22.0,10.0,28.0,23.0,2.0,6.0,2.0,0.0,1.0,2.0,0.0,0.0,5.0,9.0
01/12/2019,Cardiff City,Huddersfield Town,0,0,38.9,61.1,0.0,2.0,3.0,14.0,469.0,636.0,270.0,425.0,13.0,13.0,26.0,25.0,3.0,10.0,3.0,3.0,3.0,1.0,0.0,0.0,12.0,14.0
01/13/2019,Chelsea,Newcastle United,2,1,65.9,34.1,6.0,2.0,10.0,9.0,893.0,556.0,698.0,351.0,18.0,22.0,15.0,20.0,8.0,5.0,5.0,1.0,1.0,1.0,0.0,0.0,6.0,13.0
01/12/2019,Crystal Palace,Watford,1,2,55.3,44.7,6.0,2.0,15.0,16.0,629.0,577.0,409.0,334.0,31.0,15.0,25.0,38.0,7.0,7.0,3.0,2.0,1.0,4.0,0.0,0.0,11.0,11.0
01/13/2019,Everton,AFC Bournemouth,2,0,50.9,49.1,3.0,7.0,15.0,16.0,631.0,594.0,396.0,378.0,19.0,14.0,30.0,21.0,5.0,9.0,1.0,1.0,5.0,0.0,0.0,0.0,17.0,8.0
01/12/2019,Leicester City,Southampton,1,2,71.7,28.3,6.0,3.0,23.0,8.0,790.0,457.0,552.0,227.0,10.0,17.0,6.0,59.0,10.0,3.0,4.0,4.0,2.0,1.0,0.0,1.0,7.0,9.0
01/15/2019,Manchester City,Wolverhampton Wanderers,3,0,76.1,23.9,9.0,0.0,24.0,3.0,1054.0,438.0,872.0,283.0,10.0,18.0,6.0,31.0,12.0,1.0,3.0,1.0,1.0,0.0,0.0,1.0,6.0,3.0
01/13/2019,Tottenham Hotspur,Manchester United,0,1,61.2,38.8,11.0,8.0,21.0,13.0,768.0,556.0,567.0,363.0,19.0,15.0,18.0,25.0,7.0,4.0,4.0,1.0,1.0,2.0,0.0,0.0,8.0,8.0
01/12/2019,West Ham United,Arsenal,1,0,41.4,58.6,3.0,2.0,11.0,11.0,549.0,714.0,380.0,555.0,11.0,16.0,11.0,11.0,7.0,3.0,5.0,3.0,0.0,2.0,0.0,0.0,7.0,10.0
01/20/2019,Arsenal,Chelsea,2,0,35.7,64.3,5.0,1.0,13.0,13.0,585.0,867.0,355.0,647.0,35.0,13.0,39.0,9.0,5.0,6.0,1.0,0.0,0.0,2.0,0.0,0.0,13.0,15.0
01/19/2019,AFC Bournemouth,West Ham United,2,0,38.5,61.5,4.0,1.0,10.0,9.0,559.0,777.0,359.0,582.0,24.0,13.0,27.0,16.0,2.0,3.0,4.0,3.0,0.0,1.0,0.0,0.0,6.0,10.0
01/20/2019,Fulham,Tottenham Hotspur,1,2,26.8,73.2,4.0,5.0,12.0,14.0,458.0,885.0,245.0,682.0,13.0,13.0,37.0,17.0,7.0,10.0,7.0,1.0,2.0,3.0,0.0,0.0,10.0,8.0
01/20/2019,Huddersfield Town,Manchester City,0,3,32.4,67.6,2.0,4.0,5.0,12.0,516.0,916.0,345.0,734.0,22.0,13.0,21.0,12.0,1.0,4.0,2.0,2.0,2.0,2.0,0.0,0.0,10.0,9.0
01/19/2019,Liverpool,Crystal Palace,4,3,70.6,29.4,9.0,3.0,19.0,9.0,934.0,511.0,734.0,304.0,19.0,23.0,16.0,37.0,8.0,3.0,1.0,3.0,0.0,1.0,1.0,0.0,6.0,8.0
01/19/2019,Manchester United,Brighton and Hove Albion,2,1,56.0,44.0,5.0,3.0,20.0,7.0,688.0,581.0,507.0,391.0,12.0,17.0,17.0,18.0,6.0,5.0,1.0,2.0,1.0,0.0,0.0,0.0,11.0,11.0
01/19/2019,Newcastle United,Cardiff City,3,0,53.5,46.5,6.0,1.0,16.0,9.0,611.0,539.0,375.0,325.0,17.0,25.0,29.0,17.0,7.0,10.0,1.0,0.0,0.0,1.0,0.0,0.0,11.0,6.0
01/19/2019,Southampton,Everton,2,1,39.4,60.6,4.0,2.0,11.0,7.0,544.0,694.0,302.0,473.0,20.0,21.0,41.0,14.0,7.0,6.0,3.0,2.0,2.0,1.0,0.0,0.0,12.0,11.0
01/19/2019,Watford,Burnley,0,0,54.8,45.2,4.0,3.0,9.0,12.0,605.0,517.0,412.0,330.0,17.0,12.0,35.0,18.0,1.0,7.0,2.0,8.0,1.0,2.0,0.0,0.0,14.0,9.0
01/19/2019,Wolverhampton Wanderers,Leicester City,4,3,45.6,54.4,7.0,6.0,12.0,16.0,589.0,667.0,381.0,447.0,20.0,14.0,30.0,19.0,5.0,9.0,1.0,0.0,3.0,3.0,0.0,0.0,11.0,10.0
01/30/2019,Arsenal,Cardiff City,2,1,70.9,29.1,4.0,2.0,15.0,19.0,785.0,430.0,590.0,232.0,13.0,16.0,25.0,25.0,4.0,7.0,0.0,1.0,3.0,3.0,0.0,0.0,14.0,12.0
01/31/2019,AFC Bournemouth,Chelsea,4,0,32.1,67.9,7.0,7.0,12.0,11.0,521.0,901.0,338.0,716.0,10.0,13.0,42.0,7.0,3.0,7.0,1.0,6.0,1.0,0.0,0.0,0.0,8.0,6.0
01/30/2019,Fulham,Brighton and Hove Albion,4,2,61.9,38.1,8.0,6.0,24.0,15.0,848.0,603.0,623.0,382.0,6.0,14.0,27.0,31.0,10.0,1.0,1.0,1.0,2.0,3.0,0.0,0.0,10.0,5.0
01/30/2019,Huddersfield Town,Everton,0,1,58.4,41.6,2.0,5.0,10.0,10.0,753.0,598.0,548.0,400.0,17.0,25.0,8.0,25.0,3.0,4.0,0.0,0.0,1.0,4.0,0.0,1.0,13.0,10.0
01/30/2019,Manchester United,Burnley,2,2,74.4,25.6,9.0,4.0,28.0,6.0,842.0,428.0,650.0,228.0,3.0,13.0,16.0,54.0,11.0,3.0,2.0,4.0,1.0,3.0,0.0,0.0,10.0,9.0
01/30/2019,Wolverhampton Wanderers,West Ham United,3,0,54.7,45.3,9.0,0.0,20.0,4.0,671.0,591.0,477.0,400.0,24.0,15.0,13.0,23.0,5.0,1.0,2.0,0.0,4.0,1.0,0.0,0.0,8.0,10.0
01/31/2019,Liverpool,Leicester City,1,1,72.1,27.9,3.0,2.0,10.0,5.0,992.0,506.0,779.0,301.0,15.0,19.0,15.0,48.0,7.0,1.0,4.0,3.0,1.0,3.0,0.0,0.0,13.0,6.0
01/30/2019,Newcastle United,Manchester City,2,1,23.8,76.2,2.0,4.0,7.0,12.0,422.0,958.0,239.0,767.0,20.0,22.0,28.0,11.0,1.0,8.0,2.0,5.0,2.0,3.0,0.0,0.0,9.0,7.0
01/31/2019,Southampton,Crystal Palace,1,1,58.8,41.2,4.0,3.0,13.0,15.0,741.0,588.0,532.0,371.0,24.0,23.0,19.0,21.0,3.0,8.0,2.0,0.0,2.0,2.0,0.0,1.0,11.0,8.0
01/31/2019,Tottenham Hotspur,Watford,2,1,68.5,31.5,3.0,1.0,17.0,9.0,803.0,478.0,588.0,274.0,16.0,18.0,18.0,36.0,9.0,5.0,1.0,5.0,0.0,4.0,0.0,0.0,6.0,9.0
02/02/2019,Brighton and Hove Albion,Watford,0,0,55.1,44.9,4.0,0.0,21.0,5.0,699.0,600.0,456.0,383.0,21.0,27.0,19.0,32.0,7.0,0.0,4.0,0.0,1.0,0.0,0.0,0.0,15.0,10.0
02/02/2019,Burnley,Southampton,1,1,54.2,45.8,6.0,4.0,15.0,10.0,665.0,602.0,457.0,404.0,11.0,17.0,11.0,32.0,4.0,2.0,2.0,0.0,3.0,1.0,0.0,0.0,10.0,9.0
02/03/2019,Cardiff City,AFC Bournemouth,2,0,26.9,73.1,5.0,2.0,12.0,9.0,407.0,819.0,218.0,615.0,17.0,13.0,30.0,20.0,6.0,7.0,2.0,0.0,1.0,2.0,0.0,0.0,17.0,14.0
02/02/2019,Chelsea,Huddersfield Town,5,0,65.0,35.0,7.0,2.0,23.0,5.0,933.0,586.0,737.0,395.0,27.0,13.0,7.0,21.0,11.0,2.0,2.0,1.0,0.0,0.0,0.0,0.0,8.0,5.0
02/02/2019,Crystal Palace,Fulham,2,0,37.3,62.7,6.0,0.0,17.0,8.0,556.0,806.0,346.0,608.0,24.0,15.0,29.0,27.0,11.0,1.0,1.0,1.0,2.0,3.0,0.0,0.0,9.0,12.0
02/02/2019,Everton,Wolverhampton Wanderers,1,3,64.0,36.0,4.0,4.0,13.0,8.0,725.0,489.0,534.0,306.0,18.0,17.0,4.0,20.0,3.0,1.0,2.0,1.0,3.0,1.0,0.0,0.0,12.0,14.0
02/03/2019,Leicester City,Manchester United,0,1,44.8,55.2,6.0,6.0,17.0,10.0,613.0,736.0,418.0,532.0,12.0,16.0,15.0,22.0,7.0,2.0,0.0,1.0,4.0,4.0,0.0,0.0,14.0,9.0
02/03/2019,Manchester City,Arsenal,3,1,58.8,41.2,12.0,2.0,19.0,4.0,798.0,598.0,613.0,432.0,13.0,9.0,16.0,26.0,4.0,2.0,5.0,0.0,1.0,1.0,0.0,0.0,11.0,8.0
02/02/2019,Tottenham Hotspur,Newcastle United,1,0,71.6,28.4,4.0,2.0,21.0,8.0,955.0,499.0,744.0,295.0,10.0,17.0,14.0,41.0,6.0,3.0,2.0,2.0,0.0,1.0,0.0,0.0,6.0,6.0
02/05/2019,West Ham United,Liverpool,1,1,26.7,73.3,2.0,6.0,13.0,11.0,455.0,881.0,245.0,690.0,18.0,16.0,27.0,17.0,2.0,5.0,1.0,3.0,1.0,1.0,0.0,0.0,9.0,11.0
02/10/2019,Brighton and Hove Albion,Burnley,1,3,68.2,31.8,6.0,5.0,16.0,9.0,729.0,453.0,519.0,253.0,11.0,11.0,7.0,53.0,9.0,3.0,1.0,0.0,1.0,1.0,0.0,0.0,8.0,7.0
02/09/2019,Crystal Palace,West Ham United,1,1,57.2,42.8,5.0,4.0,25.0,6.0,714.0,575.0,482.0,371.0,17.0,22.0,19.0,34.0,10.0,4.0,4.0,1.0,3.0,0.0,0.0,0.0,12.0,9.0
02/09/2019,Fulham,Manchester United,0,3,51.2,48.8,3.0,7.0,15.0,15.0,712.0,697.0,503.0,483.0,19.0,11.0,19.0,28.0,5.0,4.0,2.0,3.0,3.0,2.0,0.0,0.0,14.0,9.0
02/09/2019,Huddersfield Town,Arsenal,1,2,54.6,45.4,7.0,4.0,16.0,9.0,704.0,637.0,482.0,410.0,26.0,18.0,8.0,28.0,5.0,0.0,2.0,1.0,3.0,2.0,0.0,0.0,17.0,12.0
02/09/2019,Liverpool,AFC Bournemouth,3,0,65.6,34.4,9.0,2.0,20.0,12.0,910.0,576.0,707.0,363.0,23.0,13.0,23.0,28.0,8.0,5.0,1.0,2.0,2.0,2.0,0.0,0.0,14.0,6.0
02/10/2019,Manchester City,Chelsea,6,0,55.8,44.2,9.0,4.0,15.0,12.0,856.0,688.0,681.0,535.0,12.0,22.0,22.0,11.0,2.0,2.0,2.0,1.0,1.0,2.0,0.0,0.0,9.0,13.0
02/09/2019,Southampton,Cardiff City,1,2,66.7,33.3,7.0,3.0,14.0,6.0,740.0,461.0,539.0,267.0,20.0,17.0,23.0,25.0,8.0,2.0,0.0,3.0,3.0,3.0,0.0,0.0,15.0,12.0
02/10/2019,Tottenham Hotspur,Leicester City,3,1,53.1,46.9,5.0,9.0,12.0,20.0,667.0,625.0,499.0,437.0,14.0,12.0,9.0,19.0,2.0,9.0,7.0,5.0,3.0,1.0,0.0,0.0,11.0,4.0
02/09/2019,Watford,Everton,1,0,44.0,56.0,2.0,4.0,7.0,9.0,522.0,659.0,327.0,425.0,22.0,22.0,28.0,35.0,8.0,2.0,0.0,6.0,2.0,0.0,0.0,1.0,21.0,10.0
02/12/2019,Wolverhampton Wanderers,Newcastle United,1,1,59.5,40.5,6.0,3.0,22.0,9.0,822.0,638.0,623.0,434.0,15.0,21.0,13.0,30.0,13.0,1.0,1.0,1.0,1.0,3.0,0.0,0.0,7.0,9.0
02/24/2019,Arsenal,Southampton,2,0,62.1,37.9,4.0,4.0,12.0,10.0,820.0,566.0,582.0,346.0,14.0,16.0,21.0,27.0,6.0,4.0,3.0,1.0,0.0,0.0,0.0,0.0,7.0,14.0
02/23/2019,AFC Bournemouth,Wolverhampton Wanderers,1,1,44.6,55.4,3.0,2.0,10.0,10.0,597.0,669.0,370.0,468.0,21.0,21.0,33.0,17.0,9.0,8.0,1.0,3.0,4.0,5.0,0.0,0.0,10.0,15.0
02/23/2019,Burnley,Tottenham Hotspur,2,1,30.5,69.5,4.0,6.0,10.0,17.0,442.0,721.0,214.0,504.0,12.0,16.0,42.0,22.0,7.0,6.0,4.0,0.0,1.0,3.0,0.0,0.0,9.0,12.0
02/23/2019,Cardiff City,Watford,1,5,35.4,64.6,6.0,7.0,15.0,12.0,520.0,781.0,313.0,579.0,23.0,14.0,16.0,35.0,3.0,3.0,3.0,1.0,1.0,2.0,0.0,0.0,10.0,11.0
04/04/2019,Chelsea,Brighton and Hove Albion,3,0,68.3,31.7,4.0,1.0,17.0,3.0,926.0,530.0,753.0,350.0,19.0,17.0,8.0,24.0,7.0,1.0,0.0,2.0,0.0,0.0,0.0,0.0,5.0,9.0
02/07/2019,Everton,Manchester City,0,2,38.8,61.2,1.0,4.0,4.0,15.0,543.0,768.0,336.0,546.0,27.0,20.0,23.0,25.0,5.0,6.0,0.0,5.0,1.0,1.0,0.0,0.0,12.0,6.0
02/24/2019,Leicester City,Crystal Palace,1,4,65.4,34.6,5.0,5.0,27.0,7.0,742.0,493.0,541.0,289.0,19.0,15.0,14.0,37.0,8.0,3.0,0.0,1.0,2.0,1.0,0.0,0.0,7.0,14.0
02/24/2019,Manchester United,Liverpool,0,0,35.4,64.6,3.0,1.0,6.0,7.0,487.0,746.0,317.0,565.0,18.0,19.0,28.0,9.0,3.0,7.0,3.0,1.0,1.0,3.0,0.0,0.0,15.0,17.0
02/23/2019,Newcastle United,Huddersfield Town,2,0,54.3,45.7,12.0,0.0,29.0,3.0,745.0,679.0,549.0,480.0,13.0,10.0,9.0,30.0,12.0,0.0,0.0,0.0,2.0,0.0,0.0,1.0,11.0,7.0
02/23/2019,West Ham United,Fulham,3,1,55.1,44.9,7.0,5.0,21.0,8.0,758.0,673.0,553.0,473.0,23.0,18.0,10.0,32.0,12.0,0.0,3.0,3.0,1.0,1.0,0.0,0.0,11.0,11.0
02/28/2019,Arsenal,AFC Bournemouth,5,1,64.8,35.2,7.0,5.0,16.0,13.0,822.0,518.0,650.0,346.0,7.0,16.0,18.0,20.0,9.0,4.0,4.0,4.0,2.0,2.0,0.0,0.0,11.0,9.0
02/27/2019,Cardiff City,Everton,0,3,32.8,67.2,0.0,4.0,6.0,12.0,441.0,740.0,257.0,534.0,23.0,10.0,28.0,33.0,3.0,4.0,3.0,1.0,3.0,1.0,0.0,0.0,12.0,12.0
02/28/2019,Crystal Palace,Manchester United,1,3,45.5,54.5,2.0,4.0,17.0,13.0,571.0,634.0,374.0,468.0,18.0,21.0,14.0,19.0,5.0,6.0,2.0,0.0,2.0,3.0,0.0,0.0,8.0,9.0
02/27/2019,Huddersfield Town,Wolverhampton Wanderers,1,0,49.9,50.1,3.0,0.0,15.0,7.0,654.0,666.0,445.0,461.0,21.0,20.0,17.0,16.0,3.0,5.0,0.0,4.0,2.0,2.0,0.0,0.0,10.0,10.0
02/27/2019,Leicester City,Brighton and Hove Albion,2,1,49.1,50.9,3.0,3.0,19.0,15.0,624.0,627.0,446.0,444.0,14.0,6.0,33.0,12.0,4.0,8.0,2.0,4.0,1.0,1.0,0.0,0.0,6.0,4.0
02/28/2019,Chelsea,Tottenham Hotspur,2,0,46.5,53.5,1.0,0.0,11.0,9.0,680.0,766.0,480.0,546.0,27.0,23.0,21.0,23.0,2.0,2.0,1.0,1.0,1.0,1.0,0.0,0.0,7.0,14.0
02/28/2019,Liverpool,Watford,5,0,61.6,38.4,10.0,3.0,19.0,5.0,846.0,602.0,627.0,392.0,16.0,27.0,18.0,37.0,6.0,4.0,1.0,2.0,0.0,2.0,0.0,0.0,5.0,7.0
02/28/2019,Manchester City,West Ham United,1,0,75.6,24.4,7.0,1.0,20.0,2.0,968.0,444.0,780.0,255.0,14.0,14.0,9.0,31.0,13.0,2.0,7.0,2.0,0.0,2.0,0.0,0.0,2.0,6.0
02/27/2019,Newcastle United,Burnley,2,0,54.3,45.7,3.0,2.0,13.0,12.0,665.0,572.0,445.0,367.0,19.0,25.0,35.0,19.0,4.0,7.0,0.0,2.0,1.0,3.0,0.0,0.0,8.0,8.0
02/28/2019,Southampton,Fulham,2,0,40.9,59.1,4.0,4.0,14.0,14.0,593.0,746.0,380.0,566.0,22.0,15.0,25.0,19.0,7.0,4.0,2.0,2.0,0.0,1.0,0.0,0.0,15.0,13.0
03/02/2019,AFC Bournemouth,Manchester City,0,1,18.0,82.0,0.0,7.0,0.0,23.0,350.0,974.0,176.0,809.0,14.0,9.0,38.0,11.0,0.0,14.0,1.0,2.0,1.0,2.0,0.0,0.0,7.0,7.0
03/02/2019,Brighton and Hove Albion,Huddersfield Town,1,0,52.7,47.3,4.0,4.0,14.0,6.0,697.0,608.0,455.0,413.0,22.0,21.0,20.0,19.0,6.0,3.0,3.0,0.0,2.0,2.0,0.0,0.0,11.0,6.0
03/02/2019,Burnley,Crystal Palace,1,3,56.3,43.7,4.0,4.0,18.0,10.0,643.0,556.0,422.0,348.0,16.0,17.0,13.0,49.0,8.0,5.0,2.0,0.0,1.0,2.0,0.0,0.0,9.0,9.0
03/03/2019,Everton,Liverpool,0,0,42.2,57.8,3.0,3.0,7.0,10.0,555.0,697.0,343.0,474.0,19.0,18.0,27.0,34.0,3.0,7.0,2.0,4.0,1.0,2.0,0.0,0.0,12.0,10.0
03/03/2019,Fulham,Chelsea,1,2,36.0,64.0,5.0,7.0,12.0,20.0,566.0,860.0,384.0,694.0,14.0,15.0,17.0,11.0,5.0,4.0,2.0,0.0,2.0,1.0,0.0,0.0,11.0,10.0
03/02/2019,Manchester United,Southampton,3,2,64.2,35.8,6.0,3.0,16.0,9.0,717.0,473.0,511.0,282.0,9.0,20.0,16.0,33.0,9.0,7.0,2.0,0.0,2.0,1.0,0.0,0.0,7.0,10.0
03/02/2019,Tottenham Hotspur,Arsenal,1,1,60.2,39.8,3.0,4.0,11.0,9.0,711.0,514.0,508.0,334.0,14.0,23.0,12.0,20.0,3.0,4.0,5.0,1.0,3.0,2.0,0.0,1.0,15.0,14.0
03/03/2019,Watford,Leicester City,2,1,39.0,61.0,5.0,2.0,6.0,14.0,556.0,760.0,371.0,576.0,15.0,13.0,34.0,19.0,1.0,5.0,4.0,1.0,5.0,1.0,0.0,0.0,15.0,12.0
03/03/2019,West Ham United,Newcastle United,2,0,55.8,44.2,4.0,2.0,10.0,17.0,742.0,608.0,538.0,422.0,26.0,21.0,14.0,11.0,1.0,6.0,1.0,3.0,3.0,4.0,0.0,0.0,8.0,14.0
03/02/2019,Wolverhampton Wanderers,Cardiff City,2,0,56.3,43.7,6.0,4.0,13.0,12.0,702.0,552.0,473.0,354.0,20.0,17.0,38.0,11.0,7.0,8.0,1.0,0.0,1.0,2.0,0.0,0.0,11.0,6.0
03/10/2019,Arsenal,Manchester United,2,0,46.1,53.9,3.0,4.0,14.0,14.0,587.0,655.0,395.0,465.0,17.0,20.0,12.0,12.0,5.0,2.0,5.0,1.0,2.0,2.0,0.0,0.0,12.0,18.0
03/09/2019,Cardiff City,West Ham United,2,0,29.3,70.7,7.0,2.0,16.0,9.0,424.0,743.0,226.0,565.0,13.0,21.0,17.0,22.0,7.0,5.0,2.0,1.0,2.0,1.0,0.0,0.0,7.0,12.0
03/10/2019,Chelsea,Wolverhampton Wanderers,1,1,75.6,24.4,6.0,1.0,22.0,2.0,1049.0,473.0,820.0,277.0,14.0,34.0,0.0,47.0,13.0,0.0,1.0,2.0,1.0,4.0,0.0,0.0,8.0,14.0
03/09/2019,Crystal Palace,Brighton and Hove Albion,1,2,62.7,37.3,3.0,3.0,15.0,4.0,803.0,574.0,579.0,358.0,28.0,26.0,10.0,30.0,8.0,0.0,1.0,1.0,1.0,5.0,0.0,0.0,8.0,18.0
03/09/2019,Huddersfield Town,AFC Bournemouth,0,2,56.5,43.5,1.0,5.0,8.0,8.0,684.0,574.0,462.0,372.0,18.0,19.0,9.0,36.0,6.0,5.0,1.0,0.0,3.0,1.0,0.0,0.0,14.0,9.0
03/09/2019,Leicester City,Fulham,3,1,52.8,47.2,8.0,3.0,18.0,6.0,724.0,671.0,521.0,464.0,24.0,26.0,19.0,17.0,6.0,5.0,1.0,1.0,0.0,2.0,0.0,0.0,9.0,13.0
03/10/2019,Liverpool,Burnley,4,2,68.6,31.4,5.0,2.0,23.0,3.0,851.0,506.0,647.0,290.0,21.0,27.0,14.0,30.0,7.0,3.0,2.0,7.0,2.0,0.0,0.0,0.0,4.0,7.0
03/10/2019,Manchester City,Watford,3,1,71.1,28.9,9.0,1.0,19.0,2.0,885.0,440.0,727.0,298.0,7.0,18.0,9.0,36.0,9.0,1.0,4.0,1.0,1.0,1.0,0.0,0.0,11.0,7.0
03/09/2019,Newcastle United,Everton,3,2,45.5,54.5,7.0,3.0,19.0,7.0,602.0,671.0,361.0,443.0,22.0,20.0,27.0,26.0,8.0,2.0,2.0,0.0,3.0,1.0,0.0,0.0,13.0,10.0
03/09/2019,Southampton,Tottenham Hotspur,2,1,36.8,63.2,4.0,5.0,12.0,16.0,515.0,708.0,291.0,511.0,15.0,17.0,46.0,13.0,1.0,10.0,2.0,1.0,4.0,2.0,0.0,0.0,16.0,9.0
03/16/2019,AFC Bournemouth,Newcastle United,2,2,48.9,51.1,3.0,4.0,10.0,12.0,585.0,607.0,403.0,423.0,11.0,25.0,21.0,19.0,6.0,6.0,0.0,1.0,3.0,2.0,0.0,0.0,9.0,12.0
04/17/2019,Brighton and Hove Albion,Cardiff City,0,2,63.9,36.1,2.0,3.0,14.0,10.0,744.0,522.0,520.0,302.0,18.0,29.0,16.0,32.0,5.0,4.0,2.0,0.0,0.0,1.0,0.0,0.0,11.0,13.0
03/16/2019,Burnley,Leicester City,1,2,62.2,37.8,2.0,4.0,13.0,9.0,661.0,488.0,472.0,294.0,12.0,12.0,12.0,40.0,9.0,3.0,4.0,1.0,1.0,1.0,0.0,1.0,9.0,10.0
03/17/2019,Everton,Chelsea,2,0,32.7,67.3,8.0,5.0,15.0,17.0,526.0,866.0,314.0,666.0,13.0,21.0,25.0,11.0,3.0,4.0,1.0,3.0,1.0,2.0,0.0,0.0,17.0,9.0
03/17/2019,Fulham,Liverpool,1,2,37.2,62.8,2.0,6.0,7.0,16.0,540.0,784.0,365.0,595.0,21.0,19.0,20.0,4.0,1.0,10.0,4.0,1.0,2.0,1.0,0.0,0.0,11.0,7.0
04/25/2019,Manchester United,Manchester City,0,2,36.8,63.2,1.0,5.0,12.0,8.0,565.0,874.0,406.0,702.0,13.0,14.0,12.0,11.0,1.0,1.0,0.0,2.0,2.0,2.0,0.0,0.0,10.0,10.0
04/04/2019,Tottenham Hotspur,Crystal Palace,2,0,65.3,34.7,10.0,1.0,26.0,5.0,894.0,568.0,687.0,364.0,16.0,17.0,9.0,26.0,8.0,2.0,0.0,4.0,1.0,0.0,0.0,0.0,8.0,5.0
04/24/2019,Watford,Southampton,1,1,62.2,37.8,4.0,4.0,15.0,8.0,800.0,567.0,599.0,359.0,14.0,21.0,12.0,27.0,3.0,4.0,4.0,5.0,5.0,2.0,0.0,0.0,10.0,14.0
03/16/2019,West Ham United,Huddersfield Town,4,3,64.1,35.9,5.0,5.0,16.0,15.0,790.0,511.0,605.0,327.0,16.0,18.0,13.0,21.0,5.0,8.0,1.0,1.0,0.0,2.0,0.0,0.0,7.0,15.0
04/25/2019,Wolverhampton Wanderers,Arsenal,3,1,29.6,70.4,3.0,1.0,11.0,11.0,445.0,841.0,285.0,690.0,15.0,7.0,18.0,3.0,5.0,5.0,1.0,3.0,2.0,3.0,0.0,0.0,12.0,9.0
04/02/2019,Arsenal,Newcastle United,2,0,70.6,29.4,4.0,1.0,7.0,3.0,882.0,468.0,700.0,285.0,13.0,17.0,17.0,23.0,6.0,2.0,2.0,2.0,2.0,0.0,0.0,0.0,11.0,10.0
03/30/2019,Brighton and Hove Albion,Southampton,0,1,60.2,39.8,1.0,2.0,14.0,8.0,741.0,543.0,525.0,346.0,20.0,9.0,18.0,27.0,6.0,5.0,6.0,0.0,1.0,2.0,0.0,0.0,8.0,10.0
03/30/2019,Burnley,Wolverhampton Wanderers,2,0,37.2,62.8,1.0,1.0,6.0,8.0,497.0,719.0,322.0,534.0,15.0,16.0,28.0,10.0,1.0,5.0,1.0,2.0,1.0,1.0,0.0,0.0,12.0,10.0
03/31/2019,Cardiff City,Chelsea,1,2,28.9,71.1,3.0,3.0,8.0,21.0,423.0,787.0,239.0,592.0,27.0,10.0,23.0,20.0,2.0,7.0,2.0,1.0,2.0,3.0,0.0,0.0,8.0,14.0
03/30/2019,Crystal Palace,Huddersfield Town,2,0,48.5,51.5,5.0,5.0,19.0,15.0,630.0,646.0,423.0,449.0,15.0,14.0,13.0,22.0,5.0,5.0,6.0,3.0,0.0,0.0,0.0,0.0,10.0,7.0
03/30/2019,Fulham,Manchester City,0,2,34.6,65.4,0.0,7.0,5.0,24.0,544.0,866.0,359.0,679.0,20.0,16.0,20.0,12.0,0.0,11.0,4.0,1.0,2.0,0.0,0.0,0.0,4.0,12.0
03/30/2019,Leicester City,AFC Bournemouth,2,0,58.8,41.2,4.0,2.0,18.0,8.0,809.0,610.0,605.0,423.0,15.0,15.0,19.0,22.0,6.0,1.0,3.0,1.0,0.0,2.0,0.0,0.0,6.0,12.0
03/31/2019,Liverpool,Tottenham Hotspur,2,1,48.7,51.3,3.0,2.0,14.0,11.0,634.0,663.0,445.0,485.0,18.0,16.0,19.0,25.0,10.0,3.0,2.0,2.0,0.0,1.0,0.0,0.0,5.0,8.0
03/30/2019,Manchester United,Watford,2,1,51.5,48.5,5.0,8.0,8.0,20.0,623.0,592.0,431.0,399.0,16.0,13.0,35.0,15.0,3.0,5.0,4.0,3.0,1.0,2.0,0.0,0.0,14.0,9.0
03/31/2019,West Ham United,Everton,0,2,49.3,50.7,1.0,9.0,3.0,17.0,632.0,654.0,420.0,431.0,23.0,24.0,23.0,21.0,4.0,9.0,2.0,3.0,1.0,1.0,0.0,0.0,7.0,14.0
04/06/2019,AFC Bournemouth,Burnley,1,3,59.9,40.1,2.0,3.0,10.0,10.0,639.0,462.0,441.0,284.0,6.0,12.0,35.0,20.0,3.0,6.0,2.0,5.0,2.0,3.0,0.0,0.0,12.0,16.0
04/09/2019,Chelsea,West Ham United,2,0,54.0,46.0,7.0,2.0,16.0,9.0,685.0,591.0,485.0,406.0,12.0,24.0,9.0,16.0,7.0,4.0,3.0,1.0,2.0,1.0,0.0,0.0,8.0,7.0
04/07/2019,Everton,Arsenal,1,0,42.9,57.1,6.0,2.0,23.0,7.0,594.0,717.0,381.0,513.0,19.0,21.0,21.0,23.0,9.0,6.0,3.0,2.0,1.0,4.0,0.0,0.0,8.0,9.0
04/06/2019,Huddersfield Town,Leicester City,1,4,44.8,55.2,4.0,9.0,10.0,18.0,553.0,676.0,369.0,467.0,17.0,16.0,12.0,19.0,8.0,5.0,2.0,3.0,3.0,0.0,0.0,0.0,13.0,11.0
04/04/2019,Manchester City,Cardiff City,2,0,78.8,21.2,11.0,1.0,27.0,4.0,846.0,324.0,676.0,185.0,11.0,14.0,8.0,28.0,17.0,4.0,1.0,1.0,0.0,3.0,0.0,0.0,3.0,7.0
04/06/2019,Newcastle United,Crystal Palace,0,1,53.8,46.2,5.0,1.0,18.0,3.0,642.0,584.0,436.0,392.0,18.0,16.0,12.0,39.0,9.0,4.0,2.0,4.0,1.0,2.0,0.0,0.0,12.0,13.0
04/06/2019,Southampton,Liverpool,1,3,33.0,67.0,1.0,5.0,11.0,17.0,465.0,757.0,272.0,565.0,16.0,11.0,37.0,17.0,7.0,5.0,3.0,3.0,2.0,4.0,0.0,0.0,8.0,7.0
04/24/2019,Tottenham Hotspur,Brighton and Hove Albion,1,0,78.5,21.5,5.0,1.0,29.0,6.0,902.0,383.0,713.0,194.0,15.0,18.0,11.0,37.0,6.0,3.0,2.0,1.0,1.0,2.0,0.0,0.0,7.0,13.0
04/03/2019,Watford,Fulham,4,1,46.6,53.4,7.0,7.0,15.0,17.0,652.0,756.0,462.0,531.0,22.0,18.0,15.0,24.0,6.0,4.0,2.0,0.0,3.0,2.0,0.0,0.0,12.0,5.0
04/03/2019,Wolverhampton Wanderers,Manchester United,2,1,49.8,50.2,2.0,4.0,9.0,18.0,683.0,680.0,510.0,515.0,17.0,14.0,25.0,11.0,3.0,5.0,4.0,5.0,1.0,2.0,0.0,1.0,5.0,11.0
04/13/2019,Brighton and Hove Albion,AFC Bournemouth,0,5,50.1,49.9,1.0,7.0,8.0,14.0,645.0,664.0,470.0,480.0,19.0,22.0,7.0,21.0,4.0,1.0,1.0,0.0,2.0,4.0,1.0,0.0,10.0,6.0
04/13/2019,Burnley,Cardiff City,2,0,46.0,54.0,7.0,2.0,14.0,14.0,496.0,522.0,280.0,349.0,15.0,9.0,23.0,25.0,8.0,4.0,3.0,0.0,2.0,4.0,0.0,0.0,7.0,10.0
04/14/2019,Crystal Palace,Manchester City,1,3,27.6,72.4,3.0,6.0,7.0,20.0,486.0,934.0,274.0,721.0,22.0,22.0,32.0,17.0,2.0,9.0,1.0,2.0,0.0,0.0,0.0,0.0,5.0,11.0
04/13/2019,Fulham,Everton,2,0,40.6,59.4,5.0,1.0,12.0,9.0,566.0,709.0,343.0,496.0,20.0,28.0,25.0,13.0,7.0,3.0,1.0,1.0,2.0,1.0,0.0,0.0,8.0,10.0
04/13/2019,Leicester City,Newcastle United,0,1,71.7,28.3,5.0,5.0,12.0,11.0,973.0,510.0,773.0,303.0,13.0,21.0,12.0,33.0,2.0,3.0,3.0,4.0,2.0,3.0,0.0,0.0,6.0,10.0
04/14/2019,Liverpool,Chelsea,2,0,61.8,38.2,7.0,3.0,15.0,6.0,863.0,618.0,646.0,401.0,19.0,30.0,14.0,32.0,9.0,2.0,2.0,2.0,0.0,1.0,0.0,0.0,5.0,9.0
04/13/2019,Manchester United,West Ham United,2,1,42.3,57.7,4.0,4.0,14.0,18.0,578.0,726.0,373.0,519.0,21.0,17.0,25.0,19.0,3.0,11.0,3.0,3.0,1.0,1.0,0.0,0.0,14.0,5.0
04/13/2019,Southampton,Wolverhampton Wanderers,3,1,30.7,69.3,6.0,2.0,12.0,17.0,487.0,844.0,281.0,625.0,23.0,17.0,35.0,16.0,4.0,9.0,0.0,2.0,1.0,3.0,0.0,0.0,13.0,8.0
04/13/2019,Tottenham Hotspur,Huddersfield Town,4,0,70.0,30.0,5.0,1.0,22.0,7.0,900.0,480.0,738.0,305.0,16.0,13.0,12.0,15.0,4.0,2.0,1.0,0.0,2.0,2.0,0.0,0.0,10.0,12.0
04/16/2019,Watford,Arsenal,0,1,34.1,65.9,3.0,5.0,11.0,19.0,513.0,839.0,327.0,660.0,13.0,12.0,15.0,22.0,6.0,4.0,2.0,4.0,2.0,0.0,1.0,0.0,12.0,8.0
04/21/2019,Arsenal,Crystal Palace,2,3,72.6,27.4,5.0,7.0,12.0,16.0,881.0,464.0,656.0,249.0,15.0,27.0,6.0,30.0,8.0,3.0,1.0,2.0,4.0,1.0,0.0,0.0,15.0,12.0
04/20/2019,AFC Bournemouth,Fulham,0,1,49.0,51.0,5.0,5.0,15.0,17.0,636.0,642.0,445.0,457.0,21.0,14.0,20.0,12.0,3.0,7.0,1.0,0.0,1.0,3.0,0.0,0.0,11.0,18.0
04/21/2019,Cardiff City,Liverpool,0,2,23.9,76.1,2.0,6.0,7.0,17.0,352.0,798.0,193.0,619.0,15.0,15.0,29.0,17.0,5.0,10.0,4.0,2.0,1.0,1.0,0.0,0.0,6.0,5.0
04/23/2019,Chelsea,Burnley,2,2,76.4,23.6,9.0,3.0,22.0,6.0,899.0,425.0,681.0,219.0,15.0,15.0,12.0,48.0,10.0,1.0,1.0,2.0,2.0,1.0,0.0,0.0,9.0,4.0
04/21/2019,Everton,Manchester United,4,0,48.3,51.7,8.0,1.0,15.0,7.0,583.0,607.0,383.0,417.0,17.0,12.0,24.0,21.0,10.0,2.0,1.0,1.0,1.0,1.0,0.0,0.0,11.0,7.0
04/20/2019,Huddersfield Town,Watford,1,2,45.7,54.3,3.0,6.0,13.0,11.0,561.0,629.0,378.0,459.0,15.0,16.0,17.0,14.0,2.0,2.0,1.0,2.0,2.0,2.0,0.0,0.0,15.0,9.0
04/20/2019,Manchester City,Tottenham Hotspur,1,0,60.7,39.3,4.0,4.0,15.0,10.0,794.0,564.0,582.0,379.0,15.0,26.0,11.0,19.0,4.0,4.0,2.0,2.0,1.0,2.0,0.0,0.0,11.0,11.0
04/20/2019,Newcastle United,Southampton,3,1,43.4,56.6,6.0,3.0,15.0,15.0,536.0,632.0,320.0,417.0,22.0,14.0,30.0,18.0,4.0,11.0,0.0,2.0,0.0,2.0,0.0,0.0,5.0,11.0
04/20/2019,West Ham United,Leicester City,2,2,49.3,50.7,3.0,5.0,11.0,11.0,617.0,633.0,410.0,425.0,19.0,27.0,20.0,24.0,6.0,8.0,1.0,2.0,2.0,0.0,0.0,0.0,8.0,9.0
04/20/2019,Wolverhampton Wanderers,Brighton and Hove Albion,0,0,68.2,31.8,5.0,0.0,23.0,5.0,818.0,468.0,615.0,297.0,12.0,24.0,9.0,37.0,14.0,1.0,0.0,1.0,0.0,1.0,0.0,0.0,0.0,8.0
04/27/2019,Brighton and Hove Albion,Newcastle United,1,1,49.8,50.2,2.0,1.0,9.0,9.0,653.0,669.0,461.0,488.0,11.0,23.0,23.0,31.0,7.0,4.0,3.0,0.0,2.0,3.0,0.0,0.0,7.0,10.0
04/28/2019,Burnley,Manchester City,0,1,30.1,69.9,0.0,7.0,2.0,25.0,442.0,814.0,263.0,608.0,16.0,13.0,31.0,21.0,0.0,6.0,2.0,3.0,1.0,1.0,0.0,0.0,5.0,7.0
04/27/2019,Crystal Palace,Everton,0,0,36.1,63.9,0.0,3.0,8.0,22.0,564.0,777.0,313.0,543.0,21.0,20.0,36.0,19.0,5.0,10.0,4.0,0.0,2.0,0.0,0.0,0.0,9.0,15.0
04/27/2019,Fulham,Cardiff City,1,0,73.0,27.0,2.0,8.0,8.0,13.0,833.0,434.0,623.0,220.0,22.0,28.0,25.0,32.0,10.0,3.0,1.0,3.0,0.0,0.0,0.0,0.0,10.0,8.0
04/28/2019,Leicester City,Arsenal,3,0,67.2,32.8,12.0,1.0,24.0,6.0,816.0,491.0,610.0,293.0,19.0,16.0,25.0,20.0,8.0,6.0,2.0,3.0,3.0,1.0,0.0,1.0,13.0,13.0
04/27/2019,Liverpool,Huddersfield Town,5,0,70.3,29.7,7.0,1.0,21.0,5.0,927.0,479.0,726.0,306.0,19.0,23.0,11.0,20.0,4.0,4.0,2.0,4.0,0.0,0.0,0.0,0.0,5.0,14.0
04/28/2019,Manchester United,Chelsea,1,1,51.7,48.3,5.0,3.0,7.0,16.0,653.0,617.0,467.0,422.0,15.0,15.0,12.0,19.0,6.0,6.0,5.0,5.0,3.0,2.0,0.0,0.0,9.0,14.0
04/27/2019,Southampton,AFC Bournemouth,3,3,44.4,55.6,7.0,5.0,22.0,9.0,586.0,661.0,351.0,459.0,25.0,19.0,20.0,30.0,9.0,3.0,0.0,0.0,2.0,1.0,0.0,0.0,8.0,9.0
04/27/2019,Tottenham Hotspur,West Ham United,0,1,63.0,37.0,4.0,7.0,14.0,16.0,847.0,579.0,614.0,351.0,20.0,21.0,25.0,21.0,2.0,7.0,5.0,3.0,0.0,2.0,0.0,0.0,3.0,8.0
04/27/2019,Watford,Wolverhampton Wanderers,1,2,56.5,43.5,1.0,4.0,10.0,11.0,716.0,597.0,495.0,386.0,17.0,22.0,34.0,34.0,4.0,5.0,3.0,5.0,3.0,2.0,0.0,0.0,10.0,11.0
05/05/2019,Arsenal,Brighton and Hove Albion,1,1,70.5,29.5,8.0,5.0,20.0,11.0,783.0,450.0,564.0,235.0,11.0,22.0,17.0,36.0,16.0,3.0,2.0,4.0,5.0,2.0,0.0,0.0,9.0,14.0
05/04/2019,AFC Bournemouth,Tottenham Hotspur,1,0,53.6,46.4,6.0,5.0,20.0,11.0,643.0,595.0,439.0,404.0,15.0,15.0,15.0,20.0,10.0,6.0,1.0,3.0,1.0,5.0,0.0,2.0,11.0,12.0
05/04/2019,Cardiff City,Crystal Palace,2,3,39.3,60.7,8.0,7.0,18.0,21.0,499.0,689.0,276.0,446.0,21.0,16.0,23.0,29.0,10.0,5.0,1.0,2.0,0.0,0.0,0.0,0.0,14.0,11.0
05/05/2019,Chelsea,Watford,3,0,58.4,41.6,9.0,3.0,19.0,16.0,747.0,570.0,537.0,382.0,22.0,14.0,26.0,15.0,6.0,6.0,1.0,3.0,0.0,1.0,0.0,0.0,6.0,12.0
05/04/2019,Everton,Burnley,2,0,60.1,39.9,6.0,1.0,20.0,5.0,764.0,565.0,555.0,369.0,20.0,17.0,22.0,34.0,8.0,1.0,1.0,2.0,0.0,2.0,0.0,0.0,8.0,9.0
05/05/2019,Huddersfield Town,Manchester United,1,1,35.8,64.2,3.0,7.0,7.0,23.0,506.0,805.0,332.0,600.0,18.0,15.0,20.0,20.0,3.0,7.0,2.0,1.0,1.0,1.0,0.0,0.0,10.0,10.0
05/07/2019,Manchester City,Leicester City,1,0,61.0,39.0,5.0,2.0,19.0,7.0,817.0,608.0,636.0,416.0,14.0,22.0,10.0,44.0,11.0,0.0,2.0,0.0,3.0,2.0,0.0,0.0,12.0,5.0
05/05/2019,Newcastle United,Liverpool,2,3,30.9,69.1,7.0,4.0,14.0,11.0,469.0,851.0,294.0,677.0,12.0,13.0,27.0,22.0,2.0,3.0,4.0,2.0,1.0,1.0,0.0,0.0,10.0,4.0
05/04/2019,West Ham United,Southampton,3,0,56.3,43.7,6.0,1.0,17.0,11.0,728.0,572.0,520.0,384.0,18.0,14.0,26.0,13.0,2.0,7.0,3.0,1.0,1.0,1.0,0.0,0.0,2.0,11.0
05/04/2019,Wolverhampton Wanderers,Fulham,1,0,39.2,60.8,6.0,2.0,19.0,6.0,546.0,782.0,376.0,601.0,19.0,13.0,13.0,36.0,7.0,1.0,1.0,0.0,1.0,3.0,0.0,0.0,10.0,15.0
05/12/2019,Brighton and Hove Albion,Manchester City,1,4,23.7,76.3,2.0,9.0,6.0,20.0,401.0,955.0,245.0,796.0,16.0,15.0,41.0,5.0,2.0,6.0,1.0,1.0,0.0,0.0,0.0,0.0,12.0,8.0
05/12/2019,Burnley,Arsenal,1,3,39.7,60.3,5.0,6.0,14.0,17.0,527.0,714.0,341.0,533.0,15.0,11.0,21.0,27.0,4.0,5.0,4.0,0.0,5.0,1.0,0.0,0.0,11.0,3.0
05/12/2019,Crystal Palace,AFC Bournemouth,5,3,45.0,55.0,8.0,8.0,17.0,16.0,627.0,713.0,429.0,517.0,16.0,18.0,23.0,19.0,4.0,4.0,4.0,1.0,3.0,0.0,0.0,0.0,11.0,8.0
05/12/2019,Fulham,Newcastle United,0,4,68.1,31.9,2.0,6.0,16.0,13.0,940.0,532.0,765.0,358.0,12.0,15.0,7.0,38.0,5.0,5.0,1.0,1.0,1.0,0.0,0.0,0.0,6.0,8.0
05/12/2019,Leicester City,Chelsea,0,0,46.9,53.1,3.0,4.0,9.0,14.0,644.0,711.0,470.0,533.0,16.0,12.0,17.0,16.0,4.0,5.0,1.0,2.0,0.0,1.0,0.0,0.0,9.0,8.0
05/12/2019,Liverpool,Wolverhampton Wanderers,2,0,59.0,41.0,5.0,2.0,13.0,7.0,784.0,581.0,603.0,427.0,16.0,14.0,15.0,20.0,4.0,1.0,3.0,1.0,0.0,2.0,0.0,0.0,3.0,11.0
05/12/2019,Manchester United,Cardiff City,0,2,73.6,26.4,10.0,4.0,26.0,13.0,811.0,404.0,620.0,223.0,15.0,16.0,13.0,20.0,11.0,2.0,3.0,0.0,3.0,3.0,0.0,0.0,9.0,6.0
05/12/2019,Southampton,Huddersfield Town,1,1,53.7,46.3,3.0,3.0,10.0,10.0,659.0,579.0,447.0,388.0,12.0,27.0,16.0,26.0,4.0,3.0,1.0,2.0,0.0,1.0,0.0,0.0,8.0,6.0
05/12/2019,Tottenham Hotspur,Everton,2,2,55.0,45.0,3.0,9.0,11.0,16.0,740.0,638.0,543.0,436.0,22.0,16.0,17.0,17.0,7.0,4.0,2.0,1.0,0.0,2.0,0.0,0.0,10.0,13.0
05/12/2019,Watford,West Ham United,1,4,48.3,51.7,8.0,9.0,17.0,16.0,586.0,674.0,419.0,460.0,17.0,15.0,12.0,34.0,7.0,2.0,4.0,1.0,1.0,0.0,1.0,0.0,10.0,10.0
